0,1,2,3
208,7,nat,1
208,7,firewall,1
208,7,ids,1
296,1,firewall,1
296,2,nat,1
296,4,wano,1
296,2,ids,1
300,1,firewall,1
300,1,wano,1
300,3,ids,1
300,1,nat,1
360,2,firewall,1
360,3,nat,1
360,2,ids,1
360,3,wano,1
450,4,nat,1
450,6,firewall,1
450,4,proxy,1
450,7,ids,1
450,5,wano,1
501,5,firewall,1
501,4,proxy,1
501,8,nat,1
501,3,ids,1
501,5,wano,1
550,1,wano,1
550,5,firewall,1
550,4,ids,1
550,5,nat,1
550,6,proxy,1
603,1,wano,1
603,3,firewall,1
603,4,proxy,1
603,6,nat,1
603,3,ids,1
603,1,ids,1
654,1,firewall,1
654,1,nat,1
654,2,proxy,1
654,4,wano,1
654,8,ids,1
654,1,ids,1
704,7,firewall,1
704,4,ids,1
704,3,nat,1
704,1,nat,1
704,7,ids,1
704,8,proxy,1
704,7,wano,1
750,6,firewall,1
750,4,proxy,1
750,6,nat,1
750,1,nat,1
750,3,wano,1
750,3,ids,1
750,1,ids,1
807,1,wano,1
807,8,firewall,1
807,3,nat,1
807,1,nat,1
807,7,proxy,1
807,8,ids,1
807,1,ids,1
898,4,nat,1
898,1,firewall,1
898,6,nat,1
898,7,ids,2
898,2,wano,1
898,6,proxy,1
901,6,firewall,1
901,1,firewall,1
901,4,proxy,1
901,7,wano,2
901,1,nat,2
901,3,ids,1
901,1,ids,1
903,1,wano,1
903,7,firewall,1
903,1,firewall,1
903,8,nat,1
903,7,wano,1
903,1,nat,1
903,7,ids,1
903,1,ids,1
903,1,proxy,1
1008,4,nat,1
1008,8,firewall,1
1008,4,firewall,1
1008,1,nat,1
1008,4,wano,1
1008,1,ids,2
1008,2,wano,1
1008,1,proxy,1
1061,8,firewall,1
1061,3,firewall,1
1061,8,nat,1
1061,6,nat,1
1061,8,ids,1
1061,3,ids,1
1061,6,ids,1
1061,2,wano,2
1061,6,proxy,1
1159,1,wano,1
1159,7,firewall,1
1159,7,nat,1
1159,4,proxy,1
1159,8,nat,1
1159,4,firewall,1
1159,4,wano,1
1159,7,ids,1
1159,8,ids,1
1159,1,ids,1
1195,1,wano,1
1195,6,firewall,1
1195,1,firewall,1
1195,1,nat,2
1195,4,wano,1
1195,5,ids,1
1195,6,ids,1
1195,1,ids,1
1195,1,proxy,1
1204,4,nat,1
1204,1,wano,1
1204,7,firewall,1
1204,1,firewall,1
1204,4,proxy,1
1204,8,nat,1
1204,7,ids,1
1204,2,ids,1
1204,8,ids,1
1204,2,wano,1
1210,3,firewall,1
1210,1,firewall,1
1210,7,wano,1
1210,6,nat,1
1210,1,nat,1
1210,5,nat,1
1210,8,proxy,1
1210,7,ids,1
1210,3,ids,1
1210,1,ids,1
1210,2,wano,1
1356,5,firewall,1
1356,1,firewall,1
1356,8,nat,1
1356,6,nat,1
1356,3,proxy,1
1356,8,ids,1
1356,1,ids,2
1356,2,wano,1
1404,8,firewall,1
1404,6,firewall,1
1404,7,nat,1
1404,2,nat,1
1404,7,proxy,1
1404,4,wano,1
1404,2,ids,1
1404,5,ids,1
1404,1,ids,1
1452,5,firewall,1
1452,1,firewall,1
1452,8,nat,2
1452,1,nat,1
1452,2,proxy,1
1452,4,wano,1
1452,5,ids,1
1452,1,ids,2
1500,1,firewall,1
1500,1,ids,2
1500,8,nat,1
1500,3,nat,1
1500,1,nat,1
1500,8,proxy,1
1500,5,ids,1
1500,3,wano,1
1500,4,firewall,1
1502,3,firewall,2
1502,2,nat,1
1502,4,ids,1
1502,3,nat,1
1502,1,nat,1
1502,8,proxy,1
1502,8,wano,1
1502,8,ids,1
1502,3,ids,1
1505,5,firewall,2
1505,4,ids,1
1505,3,nat,1
1505,1,nat,1
1505,6,nat,1
1505,4,wano,1
1505,3,proxy,1
1505,5,ids,1
1505,1,ids,1
1602,4,nat,1
1602,3,firewall,1
1602,1,firewall,1
1602,7,nat,1
1602,1,nat,1
1602,7,ids,1
1602,5,ids,1
1602,3,ids,1
1602,7,wano,1
1602,1,proxy,1
1653,4,nat,1
1653,8,firewall,1
1653,1,firewall,1
1653,1,nat,1
1653,7,proxy,1
1653,5,nat,1
1653,2,ids,1
1653,8,ids,1
1653,3,ids,1
1653,2,wano,1
1796,8,firewall,1
1796,4,ids,1
1796,6,nat,3
1796,5,ids,1
1796,6,ids,1
1796,4,firewall,1
1796,2,wano,1
1796,5,wano,1
1796,1,proxy,1
1799,8,firewall,1
1799,8,nat,2
1799,3,nat,1
1799,7,wano,1
1799,5,proxy,1
1799,4,wano,1
1799,7,ids,1
1799,8,ids,2
1799,4,firewall,1
1805,4,nat,1
1805,5,firewall,1
1805,3,firewall,1
1805,8,nat,1
1805,3,nat,1
1805,4,wano,1
1805,8,proxy,1
1805,3,ids,1
1805,6,ids,1
1805,1,ids,1
1805,2,wano,1
1852,5,firewall,1
1852,3,firewall,1
1852,7,nat,1
1852,4,ids,1
1852,6,nat,1
1852,1,nat,1
1852,5,ids,1
1852,3,wano,1
1852,1,ids,1
1852,1,proxy,1
1852,6,wano,1
1901,1,wano,1
1901,7,firewall,1
1901,3,firewall,1
1901,1,firewall,1
1901,8,nat,1
1901,3,nat,1
1901,1,nat,1
1901,4,wano,1
1901,7,ids,1
1901,8,ids,1
1901,6,ids,1
1901,1,proxy,1
1955,1,wano,1
1955,8,firewall,1
1955,1,firewall,1
1955,7,nat,1
1955,8,nat,1
1955,1,nat,1
1955,7,ids,1
1955,5,ids,1
1955,8,ids,1
1955,7,wano,1
1955,1,proxy,1
2004,1,wano,1
2004,7,firewall,1
2004,3,firewall,1
2004,7,nat,1
2004,2,nat,1
2004,8,nat,1
2004,4,wano,1
2004,7,ids,1
2004,3,proxy,1
2004,8,ids,1
2004,6,ids,1
2098,2,firewall,1
2098,3,nat,1
2098,4,firewall,1
2098,5,proxy,1
2098,6,nat,1
2098,5,nat,1
2098,4,wano,1
2098,5,ids,1
2098,6,ids,1
2098,1,ids,1
2098,6,wano,1
2105,4,nat,1
2105,7,firewall,1
2105,8,firewall,1
2105,3,nat,1
2105,6,nat,1
2105,3,proxy,1
2105,2,ids,1
2105,8,ids,1
2105,8,wano,1
2105,1,ids,1
2105,5,wano,1
2105,1,wano,1
2105,1,firewall,1
2105,7,nat,1
2105,8,nat,1
2105,4,ids,1
2105,1,nat,1
2105,8,proxy,1
2105,8,ids,2
2105,4,firewall,1
2105,6,wano,1
2255,4,nat,1
2255,2,firewall,1
2255,1,firewall,1
2255,1,ids,1
2255,6,nat,1
2255,1,nat,1
2255,4,wano,1
2255,8,wano,1
2255,8,ids,1
2255,3,ids,1
2255,5,proxy,1
2357,1,wano,1
2357,5,firewall,1
2357,1,firewall,1
2357,2,nat,1
2357,1,nat,1
2357,5,nat,1
2357,2,ids,1
2357,3,proxy,1
2357,8,ids,1
2357,1,ids,1
2400,1,wano,1
2400,5,firewall,1
2400,3,firewall,1
2400,7,nat,1
2400,2,nat,1
2400,4,ids,1
2400,1,nat,1
2400,3,proxy,1
2400,5,ids,1
2400,3,wano,1
2400,3,ids,1
2401,1,wano,1
2401,3,firewall,1
2401,1,firewall,1
2401,2,nat,1
2401,8,nat,1
2401,1,nat,1
2401,2,proxy,1
2401,7,ids,1
2401,8,wano,1
2401,8,ids,1
2401,1,ids,1
2404,4,nat,1
2404,1,wano,1
2404,8,firewall,1
2404,4,proxy,1
2404,4,firewall,1
2404,1,nat,1
2404,5,nat,1
2404,7,ids,1
2404,5,ids,1
2404,1,ids,1
2404,6,wano,1
2461,8,firewall,1
2461,1,ids,1
2461,4,ids,1
2461,6,nat,1
2461,1,nat,1
2461,5,nat,1
2461,2,proxy,1
2461,4,wano,1
2461,5,ids,1
2461,4,firewall,1
2461,5,wano,1
2512,2,firewall,1
2512,8,firewall,1
2512,2,nat,1
2512,6,nat,1
2512,1,nat,1
2512,2,proxy,1
2512,7,ids,1
2512,5,ids,1
2512,6,ids,1
2512,7,wano,1
2512,6,wano,1
2557,4,nat,1
2557,3,firewall,1
2557,6,firewall,1
2557,7,nat,1
2557,7,wano,1
2557,5,proxy,1
2557,5,nat,1
2557,8,ids,2
2557,1,ids,1
2557,6,wano,1
2700,2,firewall,1
2700,1,firewall,1
2700,7,nat,1
2700,8,nat,1
2700,1,nat,1
2700,4,wano,1
2700,7,ids,1
2700,2,ids,1
2700,1,proxy,1
2700,6,wano,1
2700,4,nat,1
2700,8,firewall,1
2700,1,firewall,1
2700,3,nat,1
2700,1,nat,1
2700,8,proxy,1
2700,3,wano,1
2700,6,ids,1
2700,1,ids,1
2700,6,wano,1
2709,5,firewall,1
2709,2,nat,1
2709,8,nat,1
2709,4,ids,1
2709,5,nat,1
2709,8,proxy,1
2709,8,wano,1
2709,6,ids,1
2709,4,firewall,1
2709,2,wano,1
2712,4,nat,1
2712,1,wano,1
2712,1,firewall,2
2712,7,wano,1
2712,4,ids,1
2712,3,nat,1
2712,1,nat,1
2712,1,ids,1
2712,1,proxy,1
2860,1,wano,1
2860,5,firewall,1
2860,1,firewall,1
2860,8,nat,1
2860,1,nat,1
2860,7,ids,1
2860,2,ids,1
2860,5,proxy,1
2860,5,wano,1
2860,8,firewall,1
2860,1,firewall,1
2860,8,nat,2
2860,7,wano,1
2860,1,nat,1
2860,8,proxy,1
2860,8,wano,1
2860,8,ids,1
2860,1,ids,1
3001,6,firewall,1
3001,1,firewall,1
3001,7,wano,1
3001,1,nat,1
3001,5,nat,1
3001,4,wano,1
3001,8,proxy,1
3001,8,ids,1
3001,1,ids,1
3013,1,wano,1
3013,8,firewall,1
3013,8,nat,1
3013,4,firewall,1
3013,1,nat,2
3013,3,ids,1
3013,1,ids,1
3013,5,wano,1
3013,6,proxy,1
3063,8,firewall,1
3063,1,firewall,1
3063,7,nat,1
3063,6,nat,1
3063,7,proxy,1
3063,8,ids,1
3063,1,ids,2
3063,2,wano,1
3063,5,wano,1
3162,1,wano,1
3162,7,firewall,1
3162,7,nat,1
3162,2,nat,1
3162,4,firewall,1
3162,7,ids,1
3162,8,proxy,1
3162,1,ids,1
3162,6,wano,1
3300,4,nat,1
3300,1,wano,2
3300,5,firewall,1
3300,8,firewall,1
3300,7,nat,1
3300,2,ids,1
3300,1,ids,1
3300,1,proxy,1
3304,4,nat,1
3304,7,firewall,1
3304,5,firewall,1
3304,2,nat,1
3304,1,nat,1
3304,4,wano,1
3304,7,ids,1
3304,3,proxy,1
3304,8,ids,1
3304,5,wano,1
3308,1,wano,1
3308,7,firewall,1
3308,8,firewall,1
3308,7,nat,1
3308,8,nat,1
3308,3,wano,1
3308,1,nat,1
3308,7,ids,1
3308,8,ids,1
3308,1,proxy,1
3313,1,wano,2
3313,2,firewall,1
3313,1,firewall,1
3313,8,nat,1
3313,3,nat,1
3313,1,nat,1
3313,8,proxy,1
3313,2,ids,2
3408,1,firewall,1
3408,2,nat,1
3408,6,nat,1
3408,1,nat,1
3408,2,proxy,1
3408,8,wano,1
3408,8,ids,1
3408,3,ids,1
3408,4,firewall,1
3408,6,wano,1
3460,4,nat,1
3460,2,firewall,1
3460,1,firewall,1
3460,2,nat,1
3460,1,nat,1
3460,7,proxy,1
3460,1,ids,2
3460,5,wano,1
3460,6,wano,1
3462,1,wano,1
3462,2,firewall,1
3462,1,firewall,1
3462,2,nat,1
3462,7,nat,1
3462,1,nat,1
3462,5,ids,1
3462,8,wano,1
3462,1,ids,1
3462,1,proxy,1
3599,2,firewall,1
3599,1,firewall,1
3599,4,proxy,1
3599,2,nat,1
3599,1,nat,1
3599,8,wano,1
3599,8,ids,1
3599,1,ids,1
3599,2,wano,1
3609,8,firewall,1
3609,2,nat,1
3609,4,ids,1
3609,4,firewall,1
3609,1,nat,1
3609,1,ids,1
3609,2,wano,2
3609,1,proxy,1
3657,1,wano,1
3657,6,firewall,1
3657,1,firewall,1
3657,1,ids,1
3657,2,nat,1
3657,1,nat,1
3657,5,nat,1
3657,2,ids,1
3657,8,wano,1
3657,5,proxy,1
3704,1,wano,1
3704,2,firewall,1
3704,1,firewall,1
3704,2,nat,1
3704,6,nat,1
3704,5,nat,1
3704,3,ids,1
3704,6,ids,1
3704,1,ids,1
3704,2,wano,1
3704,1,proxy,1
3803,7,firewall,1
3803,3,firewall,1
3803,3,nat,1
3803,1,nat,1
3803,2,proxy,1
3803,3,wano,1
3803,1,ids,2
3853,1,wano,1
3853,3,firewall,1
3853,1,firewall,1
3853,2,nat,1
3853,1,nat,1
3853,7,ids,1
3853,5,ids,1
3853,1,ids,1
3853,1,proxy,1
3899,1,wano,1
3899,1,firewall,1
3899,8,nat,1
3899,1,nat,1
3899,2,ids,1
3899,8,wano,1
3899,8,ids,1
3899,3,ids,1
3899,4,firewall,1
3899,1,proxy,1
3902,4,nat,1
3902,1,wano,1
3902,6,firewall,1
3902,1,firewall,1
3902,4,proxy,1
3902,6,nat,1
3902,1,nat,1
3902,8,ids,1
3902,6,ids,1
3902,1,ids,1
3902,2,wano,1
3910,2,firewall,1
3910,1,firewall,1
3910,1,nat,3
3910,2,proxy,1
3910,5,ids,1
3910,3,ids,1
3910,1,ids,1
3910,5,wano,1
3953,4,nat,1
3953,1,firewall,1
3953,1,ids,1
3953,7,nat,1
3953,1,nat,1
3953,4,wano,1
3953,8,proxy,1
3953,8,ids,1
3953,6,ids,1
3953,4,firewall,1
4002,8,firewall,1
4002,1,firewall,1
4002,2,nat,1
4002,7,nat,1
4002,1,nat,1
4002,7,ids,1
4002,5,ids,1
4002,6,ids,1
4002,5,proxy,1
4002,5,wano,1
4052,4,nat,1
4052,7,firewall,1
4052,1,firewall,1
4052,3,nat,1
4052,1,nat,1
4052,8,ids,1
4052,6,ids,2
4052,1,proxy,1
4052,6,wano,1
4105,7,firewall,1
4105,2,firewall,1
4105,2,nat,2
4105,4,ids,1
4105,5,nat,1
4105,4,wano,1
4105,8,proxy,1
4105,2,ids,1
4105,1,ids,1
4201,4,nat,1
4201,8,firewall,1
4201,1,firewall,1
4201,7,nat,1
4201,1,nat,1
4201,7,proxy,1
4201,5,ids,1
4201,8,ids,1
4201,1,ids,1
4201,6,wano,1
4203,4,nat,1
4203,6,firewall,1
4203,8,nat,1
4203,4,ids,1
4203,1,nat,1
4203,4,wano,1
4203,3,proxy,1
4203,5,ids,1
4203,8,ids,1
4203,4,firewall,1
4203,6,wano,1
4210,3,firewall,1
4210,7,nat,1
4210,2,nat,1
4210,4,firewall,1
4210,1,nat,1
4210,4,wano,1
4210,8,proxy,1
4210,8,ids,1
4210,6,ids,1
4210,1,ids,1
4210,2,wano,1
4250,8,firewall,1
4250,1,firewall,1
4250,4,proxy,1
4250,8,nat,1
4250,4,ids,1
4250,6,nat,1
4250,5,nat,1
4250,4,wano,1
4250,2,ids,1
4250,6,ids,1
4304,4,nat,1
4304,8,firewall,1
4304,6,firewall,1
4304,2,nat,1
4304,8,nat,1
4304,2,proxy,1
4304,4,wano,1
4304,2,ids,2
4304,8,ids,1
4363,8,firewall,1
4363,6,firewall,1
4363,2,nat,1
4363,3,wano,1
4363,3,nat,1
4363,5,proxy,1
4363,1,nat,1
4363,8,ids,1
4363,1,ids,2
4405,5,firewall,1
4405,8,firewall,1
4405,4,ids,1
4405,3,nat,1
4405,1,nat,2
4405,5,ids,1
4405,3,ids,1
4405,5,proxy,1
4405,5,wano,1
4499,8,firewall,1
4499,1,firewall,1
4499,2,nat,1
4499,8,nat,2
4499,8,proxy,1
4499,5,ids,1
4499,8,wano,1
4499,1,ids,2
4512,4,nat,1
4512,3,firewall,1
4512,6,firewall,1
4512,7,nat,1
4512,2,nat,1
4512,7,ids,1
4512,3,proxy,1
4512,5,ids,1
4512,8,wano,1
4512,6,ids,1
4560,3,firewall,2
4560,2,nat,2
4560,6,nat,1
4560,5,proxy,1
4560,7,ids,1
4560,8,ids,1
4560,1,ids,1
4560,2,wano,1
4611,5,firewall,1
4611,3,firewall,1
4611,8,nat,1
4611,3,nat,1
4611,1,nat,1
4611,4,wano,1
4611,5,ids,1
4611,3,ids,1
4611,6,ids,1
4611,6,proxy,1
4660,4,nat,1
4660,3,firewall,1
4660,1,firewall,1
4660,4,proxy,1
4660,3,wano,1
4660,4,ids,1
4660,3,nat,1
4660,1,nat,1
4660,8,ids,1
4660,1,ids,1
4662,7,firewall,1
4662,5,firewall,1
4662,2,nat,1
4662,1,nat,1
4662,5,nat,1
4662,4,wano,1
4662,2,ids,1
4662,3,proxy,1
4662,5,ids,1
4662,3,ids,1
4759,5,firewall,1
4759,3,firewall,1
4759,4,proxy,1
4759,2,nat,1
4759,6,nat,1
4759,1,nat,1
4759,7,ids,2
4759,8,wano,1
4759,1,ids,1
4799,8,firewall,1
4799,1,firewall,1
4799,7,nat,1
4799,3,nat,1
4799,1,nat,1
4799,7,ids,1
4799,3,proxy,1
4799,3,ids,1
4799,6,ids,1
4799,2,wano,1
4807,3,firewall,1
4807,1,firewall,1
4807,2,nat,1
4807,8,nat,1
4807,1,nat,1
4807,4,wano,1
4807,8,proxy,1
4807,2,ids,1
4807,7,ids,1
4807,1,ids,1
4954,8,firewall,1
4954,6,firewall,1
4954,7,nat,1
4954,8,nat,1
4954,1,nat,1
4954,7,ids,1
4954,3,proxy,1
4954,2,ids,1
4954,1,ids,1
4954,6,wano,1
4959,8,firewall,1
4959,1,firewall,1
4959,4,ids,1
4959,1,nat,2
4959,7,proxy,1
4959,5,nat,1
4959,7,ids,1
4959,1,ids,1
4959,6,wano,1
5009,7,firewall,1
5009,5,firewall,1
5009,2,nat,1
5009,3,nat,1
5009,1,nat,1
5009,2,ids,1
5009,3,proxy,1
5009,5,ids,1
5009,6,ids,1
5009,7,wano,1
5058,1,firewall,1
5058,1,ids,1
5058,4,ids,1
5058,6,nat,1
5058,1,nat,1
5058,5,nat,1
5058,8,ids,1
5058,4,firewall,1
5058,2,wano,1
5058,1,proxy,1
5098,4,nat,2
5098,8,firewall,1
5098,1,firewall,1
5098,4,proxy,1
5098,3,wano,1
5098,1,nat,1
5098,8,ids,1
5098,1,ids,2
5110,8,firewall,1
5110,8,nat,1
5110,3,nat,2
5110,8,proxy,1
5110,5,ids,1
5110,8,ids,1
5110,3,ids,1
5110,4,firewall,1
5110,2,wano,1
