0,1,2,3
208,1,nat,7
208,1,firewall,7
208,1,ids,7
296,1,nat,2
296,1,firewall,1
296,1,ids,2
296,2,nat,2
296,2,wano,4
300,1,nat,1
300,1,firewall,1
300,1,ids,3
300,2,nat,1
300,2,wano,1
300,3,nat,1
300,3,firewall,1
300,3,wano,1
300,3,ids,3
360,1,nat,3
360,1,firewall,2
360,1,ids,2
360,2,nat,3
360,2,wano,3
360,3,nat,3
360,3,firewall,2
360,3,wano,3
360,3,ids,2
360,4,nat,3
360,4,firewall,2
360,4,ids,2
450,1,nat,4
450,1,firewall,6
450,1,ids,7
450,2,nat,4
450,2,wano,5
450,3,nat,4
450,3,firewall,6
450,3,wano,5
450,3,ids,7
450,4,nat,4
450,4,firewall,6
450,4,ids,7
450,5,nat,4
450,5,proxy,4
501,1,nat,8
501,1,firewall,5
501,1,ids,3
501,2,nat,8
501,2,wano,5
501,3,nat,8
501,3,firewall,5
501,3,wano,5
501,3,ids,3
501,4,nat,8
501,4,firewall,5
501,4,ids,3
501,5,nat,8
501,5,proxy,4
501,6,nat,8
501,6,firewall,5
501,6,ids,3
550,1,nat,5
550,1,firewall,5
550,1,ids,4
550,2,nat,5
550,2,wano,1
550,3,nat,5
550,3,firewall,5
550,3,wano,1
550,3,ids,4
550,4,nat,5
550,4,firewall,5
550,4,ids,4
550,5,nat,5
550,5,proxy,6
550,6,nat,5
550,6,firewall,5
550,6,ids,4
550,7,nat,5
550,7,firewall,5
550,7,ids,4
603,1,nat,6
603,1,firewall,3
603,1,ids,1
603,2,nat,6
603,2,wano,1
603,3,nat,6
603,3,firewall,3
603,3,wano,1
603,3,ids,1
603,4,nat,6
603,4,firewall,3
603,4,ids,1
603,5,nat,6
603,5,proxy,4
603,6,nat,6
603,6,firewall,3
603,6,ids,3
603,7,nat,6
603,7,firewall,3
603,7,ids,1
603,8,nat,6
603,8,firewall,3
603,8,ids,1
654,1,nat,1
654,1,firewall,1
654,1,ids,8
654,2,nat,1
654,2,wano,4
654,3,nat,1
654,3,firewall,1
654,3,wano,4
654,3,ids,1
654,4,nat,1
654,4,firewall,1
654,4,ids,8
654,5,nat,1
654,5,proxy,2
654,6,nat,1
654,6,firewall,1
654,6,ids,8
654,7,nat,1
654,7,firewall,1
654,7,ids,8
654,8,nat,1
654,8,firewall,1
654,8,ids,8
654,9,nat,1
654,9,firewall,1
654,9,ids,8
704,1,nat,1
704,1,firewall,7
704,1,ids,7
704,2,nat,1
704,2,wano,7
704,3,nat,3
704,3,firewall,7
704,3,wano,7
704,3,ids,7
704,4,nat,1
704,4,firewall,7
704,4,ids,4
704,5,nat,1
704,5,proxy,8
704,6,nat,1
704,6,firewall,7
704,6,ids,7
704,7,nat,1
704,7,firewall,7
704,7,ids,7
704,8,nat,1
704,8,firewall,7
704,8,ids,7
704,9,nat,1
704,9,firewall,7
704,9,ids,4
704,10,nat,1
704,10,firewall,7
704,10,ids,4
750,1,nat,1
750,1,firewall,6
750,1,ids,3
750,2,nat,1
750,2,wano,3
750,3,nat,1
750,3,firewall,6
750,3,wano,3
750,3,ids,1
750,4,nat,6
750,4,firewall,6
750,4,ids,1
750,5,nat,1
750,5,proxy,4
750,6,nat,1
750,6,firewall,6
750,6,ids,1
750,7,nat,1
750,7,firewall,6
750,7,ids,3
750,8,nat,6
750,8,firewall,6
750,8,ids,3
750,9,nat,1
750,9,firewall,6
750,9,ids,3
750,10,nat,1
750,10,firewall,6
750,10,ids,1
750,11,nat,1
750,11,proxy,4
807,1,nat,3
807,1,firewall,8
807,1,ids,1
807,2,nat,1
807,2,wano,1
807,3,nat,1
807,3,firewall,8
807,3,wano,1
807,3,ids,8
807,4,nat,1
807,4,firewall,8
807,4,ids,8
807,5,nat,1
807,5,proxy,7
807,6,nat,3
807,6,firewall,8
807,6,ids,1
807,7,nat,1
807,7,firewall,8
807,7,ids,8
807,8,nat,1
807,8,firewall,8
807,8,ids,8
807,9,nat,1
807,9,firewall,8
807,9,ids,1
807,10,nat,3
807,10,firewall,8
807,10,ids,8
807,11,nat,1
807,11,proxy,7
807,12,nat,1
807,12,firewall,8
807,12,ids,8
898,1,nat,4
898,1,firewall,1
898,1,ids,7
898,2,nat,4
898,2,wano,2
898,3,nat,6
898,3,firewall,1
898,3,wano,2
898,3,ids,7
898,4,nat,4
898,4,firewall,1
898,4,ids,7
898,5,nat,6
898,5,proxy,6
898,6,nat,4
898,6,firewall,1
898,6,ids,7
898,7,nat,6
898,7,firewall,1
898,7,ids,7
898,8,nat,6
898,8,firewall,1
898,8,ids,7
898,9,nat,4
898,9,firewall,1
898,9,ids,7
898,10,nat,6
898,10,firewall,1
898,10,ids,7
898,11,nat,6
898,11,proxy,6
898,12,nat,6
898,12,firewall,1
898,12,ids,7
898,13,nat,4
898,13,wano,2
901,1,nat,1
901,1,firewall,6
901,1,ids,3
901,2,nat,1
901,2,wano,7
901,3,nat,1
901,3,firewall,6
901,3,wano,7
901,3,ids,3
901,4,nat,1
901,4,firewall,6
901,4,ids,1
901,5,nat,1
901,5,proxy,4
901,6,nat,1
901,6,firewall,6
901,6,ids,3
901,7,nat,1
901,7,firewall,6
901,7,ids,3
901,8,nat,1
901,8,firewall,1
901,8,ids,1
901,9,nat,1
901,9,firewall,1
901,9,ids,3
901,10,nat,1
901,10,firewall,1
901,10,ids,1
901,11,nat,1
901,11,proxy,4
901,12,nat,1
901,12,firewall,1
901,12,ids,1
901,13,nat,1
901,13,wano,7
901,14,nat,1
901,14,firewall,6
901,14,wano,7
901,14,ids,3
903,1,nat,8
903,1,firewall,1
903,1,ids,7
903,2,nat,1
903,2,wano,1
903,3,nat,1
903,3,firewall,1
903,3,wano,7
903,3,ids,1
903,4,nat,1
903,4,firewall,1
903,4,ids,7
903,5,nat,1
903,5,proxy,1
903,6,nat,8
903,6,firewall,1
903,6,ids,1
903,7,nat,1
903,7,firewall,1
903,7,ids,7
903,8,nat,1
903,8,firewall,1
903,8,ids,1
903,9,nat,8
903,9,firewall,7
903,9,ids,1
903,10,nat,8
903,10,firewall,1
903,10,ids,7
903,11,nat,1
903,11,proxy,1
903,12,nat,8
903,12,firewall,1
903,12,ids,7
903,13,nat,8
903,13,wano,7
903,14,nat,1
903,14,firewall,7
903,14,wano,7
903,14,ids,1
903,15,nat,1
903,15,firewall,1
903,15,ids,7
1008,1,nat,1
1008,1,firewall,4
1008,1,ids,1
1008,2,nat,4
1008,2,wano,2
1008,3,nat,4
1008,3,firewall,4
1008,3,wano,4
1008,3,ids,1
1008,4,nat,4
1008,4,firewall,8
1008,4,ids,1
1008,5,nat,4
1008,5,proxy,1
1008,6,nat,1
1008,6,firewall,8
1008,6,ids,1
1008,7,nat,4
1008,7,firewall,4
1008,7,ids,1
1008,8,nat,4
1008,8,firewall,4
1008,8,ids,1
1008,9,nat,1
1008,9,firewall,8
1008,9,ids,1
1008,10,nat,1
1008,10,firewall,8
1008,10,ids,1
1008,11,nat,1
1008,11,proxy,1
1008,12,nat,4
1008,12,firewall,4
1008,12,ids,1
1008,13,nat,1
1008,13,wano,2
1008,14,nat,4
1008,14,firewall,4
1008,14,wano,2
1008,14,ids,1
1008,15,nat,4
1008,15,firewall,8
1008,15,ids,1
1008,16,nat,1
1008,16,firewall,8
1008,16,ids,1
1061,1,nat,6
1061,1,firewall,3
1061,1,ids,3
1061,2,nat,6
1061,2,wano,2
1061,3,nat,6
1061,3,firewall,3
1061,3,wano,2
1061,3,ids,8
1061,4,nat,8
1061,4,firewall,8
1061,4,ids,8
1061,5,nat,8
1061,5,proxy,6
1061,6,nat,8
1061,6,firewall,8
1061,6,ids,8
1061,7,nat,8
1061,7,firewall,8
1061,7,ids,3
1061,8,nat,6
1061,8,firewall,3
1061,8,ids,6
1061,9,nat,8
1061,9,firewall,8
1061,9,ids,3
1061,10,nat,8
1061,10,firewall,8
1061,10,ids,3
1061,11,nat,6
1061,11,proxy,6
1061,12,nat,6
1061,12,firewall,3
1061,12,ids,3
1061,13,nat,6
1061,13,wano,2
1061,14,nat,8
1061,14,firewall,8
1061,14,wano,2
1061,14,ids,6
1061,15,nat,6
1061,15,firewall,3
1061,15,ids,8
1061,16,nat,8
1061,16,firewall,8
1061,16,ids,8
1061,17,nat,8
1061,17,firewall,8
1061,17,ids,3
1159,1,nat,8
1159,1,firewall,4
1159,1,ids,7
1159,2,nat,8
1159,2,wano,1
1159,3,nat,7
1159,3,firewall,7
1159,3,wano,4
1159,3,ids,1
1159,4,nat,7
1159,4,firewall,4
1159,4,ids,8
1159,5,nat,7
1159,5,proxy,4
1159,6,nat,8
1159,6,firewall,4
1159,6,ids,7
1159,7,nat,8
1159,7,firewall,4
1159,7,ids,8
1159,8,nat,7
1159,8,firewall,7
1159,8,ids,7
1159,9,nat,8
1159,9,firewall,4
1159,9,ids,1
1159,10,nat,7
1159,10,firewall,7
1159,10,ids,1
1159,11,nat,8
1159,11,proxy,4
1159,12,nat,8
1159,12,firewall,4
1159,12,ids,8
1159,13,nat,7
1159,13,wano,1
1159,14,nat,7
1159,14,firewall,4
1159,14,wano,1
1159,14,ids,8
1159,15,nat,7
1159,15,firewall,4
1159,15,ids,7
1159,16,nat,7
1159,16,firewall,7
1159,16,ids,1
1159,17,nat,8
1159,17,firewall,7
1159,17,ids,7
1159,18,nat,8
1159,18,firewall,4
1159,18,ids,1
1195,3,nat,1
1195,3,firewall,1
1195,3,wano,4
1195,3,ids,5
1195,4,nat,1
1195,4,firewall,1
1195,4,ids,1
1195,5,nat,1
1195,5,proxy,1
1195,6,nat,1
1195,6,firewall,1
1195,6,ids,5
1195,7,nat,1
1195,7,firewall,1
1195,7,ids,6
1195,8,nat,1
1195,8,firewall,1
1195,8,ids,1
1195,9,nat,1
1195,9,firewall,6
1195,9,ids,5
1195,10,nat,1
1195,10,firewall,1
1195,10,ids,1
1195,11,nat,1
1195,11,proxy,1
1195,12,nat,1
1195,12,firewall,1
1195,12,ids,6
1195,13,nat,1
1195,13,wano,1
1195,14,nat,1
1195,14,firewall,6
1195,14,wano,1
1195,14,ids,6
1195,15,nat,1
1195,15,firewall,6
1195,15,ids,5
1195,16,nat,1
1195,16,firewall,6
1195,16,ids,1
1195,17,nat,1
1195,17,firewall,1
1195,17,ids,6
1195,18,nat,1
1195,18,firewall,1
1195,18,ids,6
1195,19,nat,1
1195,19,wano,1
1204,3,nat,8
1204,3,firewall,1
1204,3,wano,1
1204,3,ids,7
1204,4,nat,4
1204,4,firewall,1
1204,4,ids,8
1204,5,nat,8
1204,5,proxy,4
1204,6,nat,8
1204,6,firewall,1
1204,6,ids,8
1204,7,nat,8
1204,7,firewall,1
1204,7,ids,2
1204,8,nat,4
1204,8,firewall,7
1204,8,ids,2
1204,9,nat,8
1204,9,firewall,7
1204,9,ids,8
1204,10,nat,4
1204,10,firewall,1
1204,10,ids,2
1204,11,nat,4
1204,11,proxy,4
1204,12,nat,8
1204,12,firewall,1
1204,12,ids,7
1204,13,nat,8
1204,13,wano,2
1204,14,nat,8
1204,14,firewall,1
1204,14,wano,2
1204,14,ids,7
1204,15,nat,4
1204,15,firewall,7
1204,15,ids,7
1204,16,nat,4
1204,16,firewall,1
1204,16,ids,8
1204,17,nat,4
1204,17,firewall,7
1204,17,ids,2
1204,18,nat,8
1204,18,firewall,7
1204,18,ids,8
1204,19,nat,4
1204,19,wano,1
1204,20,nat,4
1204,20,proxy,4
1210,3,nat,1
1210,3,firewall,3
1210,3,wano,7
1210,3,ids,3
1210,4,nat,6
1210,4,firewall,3
1210,4,ids,1
1210,5,nat,6
1210,5,proxy,8
1210,6,nat,5
1210,6,firewall,1
1210,6,ids,1
1210,7,nat,1
1210,7,firewall,1
1210,7,ids,7
1210,8,nat,1
1210,8,firewall,1
1210,8,ids,1
1210,9,nat,6
1210,9,firewall,1
1210,9,ids,7
1210,10,nat,5
1210,10,firewall,1
1210,10,ids,1
1210,11,nat,6
1210,11,proxy,8
1210,12,nat,6
1210,12,firewall,1
1210,12,ids,3
1210,13,nat,6
1210,13,wano,7
1210,14,nat,5
1210,14,firewall,3
1210,14,wano,2
1210,14,ids,7
1210,15,nat,1
1210,15,firewall,1
1210,15,ids,1
1210,16,nat,1
1210,16,firewall,3
1210,16,ids,3
1210,17,nat,1
1210,17,firewall,1
1210,17,ids,1
1210,18,nat,6
1210,18,firewall,3
1210,18,ids,7
1210,19,nat,1
1210,19,wano,2
1210,20,nat,5
1210,20,proxy,8
1210,21,nat,6
1210,21,firewall,3
1210,21,ids,7
1356,4,nat,6
1356,4,firewall,1
1356,4,ids,1
1356,6,nat,6
1356,6,firewall,5
1356,6,ids,8
1356,7,nat,6
1356,7,firewall,1
1356,7,ids,1
1356,8,nat,8
1356,8,firewall,1
1356,8,ids,1
1356,9,nat,6
1356,9,firewall,5
1356,9,ids,8
1356,10,nat,6
1356,10,firewall,1
1356,10,ids,8
1356,11,nat,8
1356,11,proxy,3
1356,12,nat,6
1356,12,firewall,1
1356,12,ids,1
1356,13,nat,8
1356,13,wano,2
1356,14,nat,8
1356,14,firewall,1
1356,14,wano,2
1356,14,ids,8
1356,15,nat,8
1356,15,firewall,5
1356,15,ids,1
1356,16,nat,8
1356,16,firewall,5
1356,16,ids,8
1356,17,nat,6
1356,17,firewall,5
1356,17,ids,8
1356,18,nat,8
1356,18,firewall,1
1356,18,ids,1
1356,19,nat,6
1356,19,wano,2
1356,20,nat,6
1356,20,proxy,3
1356,21,nat,8
1356,21,firewall,1
1356,21,ids,1
1356,22,nat,8
1356,22,firewall,1
1356,22,ids,1
1404,6,nat,2
1404,6,firewall,8
1404,6,ids,1
1404,7,nat,7
1404,7,firewall,6
1404,7,ids,5
1404,8,nat,2
1404,8,firewall,8
1404,8,ids,5
1404,9,nat,2
1404,9,firewall,6
1404,9,ids,5
1404,10,nat,2
1404,10,firewall,8
1404,10,ids,5
1404,11,nat,2
1404,11,proxy,7
1404,12,nat,2
1404,12,firewall,6
1404,12,ids,1
1404,13,nat,7
1404,13,wano,4
1404,14,nat,7
1404,14,firewall,8
1404,14,wano,4
1404,14,ids,5
1404,15,nat,7
1404,15,firewall,6
1404,15,ids,1
1404,16,nat,7
1404,16,firewall,8
1404,16,ids,1
1404,17,nat,7
1404,17,firewall,6
1404,17,ids,1
1404,18,nat,7
1404,18,firewall,6
1404,18,ids,1
1404,19,nat,2
1404,19,wano,4
1404,20,nat,7
1404,20,proxy,7
1404,21,nat,7
1404,21,firewall,8
1404,21,ids,2
1404,22,nat,2
1404,22,firewall,6
1404,22,ids,2
1404,23,nat,2
1404,23,firewall,6
1404,23,ids,2
1452,6,nat,1
1452,6,firewall,5
1452,6,ids,1
1452,7,nat,1
1452,7,firewall,5
1452,7,ids,5
1452,8,nat,1
1452,8,firewall,1
1452,8,ids,5
1452,9,nat,8
1452,9,firewall,5
1452,9,ids,5
1452,10,nat,8
1452,10,firewall,1
1452,10,ids,1
1452,11,nat,1
1452,11,proxy,2
1452,12,nat,8
1452,12,firewall,5
1452,12,ids,5
1452,13,nat,8
1452,13,wano,4
1452,14,nat,1
1452,14,firewall,5
1452,14,wano,4
1452,14,ids,5
1452,15,nat,8
1452,15,firewall,5
1452,15,ids,5
1452,16,nat,1
1452,16,firewall,1
1452,16,ids,1
1452,17,nat,8
1452,17,firewall,1
1452,17,ids,1
1452,18,nat,8
1452,18,firewall,5
1452,18,ids,1
1452,19,nat,8
1452,19,wano,4
1452,20,nat,8
1452,20,proxy,2
1452,21,nat,1
1452,21,firewall,5
1452,21,ids,1
1452,22,nat,1
1452,22,firewall,1
1452,22,ids,1
1452,23,nat,8
1452,23,firewall,5
1452,23,ids,5
1452,24,nat,1
1452,24,firewall,1
1452,24,ids,1
1500,6,nat,3
1500,6,firewall,1
1500,6,ids,1
1500,7,nat,8
1500,7,firewall,1
1500,7,ids,1
1500,8,nat,8
1500,8,firewall,1
1500,8,ids,1
1500,9,nat,1
1500,9,firewall,1
1500,9,ids,1
1500,10,nat,3
1500,10,firewall,4
1500,10,ids,1
1500,11,nat,3
1500,11,proxy,8
1500,12,nat,8
1500,12,firewall,4
1500,12,ids,5
1500,13,nat,1
1500,13,wano,3
1500,14,nat,8
1500,14,firewall,1
1500,14,wano,3
1500,14,ids,1
1500,15,nat,8
1500,15,firewall,4
1500,15,ids,1
1500,16,nat,8
1500,16,firewall,4
1500,16,ids,5
1500,17,nat,1
1500,17,firewall,1
1500,17,ids,1
1500,18,nat,1
1500,18,firewall,4
1500,18,ids,1
1500,19,nat,1
1500,19,wano,3
1500,20,nat,8
1500,20,proxy,8
1500,21,nat,1
1500,21,firewall,4
1500,21,ids,1
1500,22,nat,8
1500,22,firewall,1
1500,22,ids,5
1500,23,nat,8
1500,23,firewall,4
1500,23,ids,5
1500,24,nat,3
1500,24,firewall,4
1500,24,ids,5
1500,25,nat,8
1500,25,firewall,4
1500,25,wano,3
1500,25,ids,5
1502,6,nat,2
1502,6,firewall,3
1502,6,ids,3
1502,8,nat,2
1502,8,firewall,3
1502,8,ids,4
1502,9,nat,2
1502,9,firewall,3
1502,9,ids,4
1502,10,nat,1
1502,10,firewall,3
1502,10,ids,4
1502,11,nat,3
1502,11,proxy,8
1502,12,nat,1
1502,12,firewall,3
1502,12,ids,3
1502,13,nat,2
1502,13,wano,8
1502,14,nat,2
1502,14,firewall,3
1502,14,wano,8
1502,14,ids,4
1502,15,nat,3
1502,15,firewall,3
1502,15,ids,3
1502,16,nat,3
1502,16,firewall,3
1502,16,ids,3
1502,17,nat,2
1502,17,firewall,3
1502,17,ids,8
1502,18,nat,3
1502,18,firewall,3
1502,18,ids,3
1502,19,nat,2
1502,19,wano,8
1502,20,nat,3
1502,20,proxy,8
1502,21,nat,1
1502,21,firewall,3
1502,21,ids,4
1502,22,nat,1
1502,22,firewall,3
1502,22,ids,8
1502,23,nat,3
1502,23,firewall,3
1502,23,ids,4
1502,24,nat,2
1502,24,firewall,3
1502,24,ids,8
1502,25,nat,3
1502,25,firewall,3
1502,25,wano,8
1502,25,ids,3
1502,26,nat,2
1502,26,firewall,3
1502,26,ids,8
1505,6,nat,6
1505,6,firewall,5
1505,6,ids,4
1505,8,nat,3
1505,8,firewall,5
1505,8,ids,4
1505,9,nat,1
1505,9,firewall,5
1505,9,ids,4
1505,10,nat,1
1505,10,firewall,5
1505,10,ids,5
1505,11,nat,3
1505,11,proxy,3
1505,12,nat,1
1505,12,firewall,5
1505,12,ids,5
1505,13,nat,3
1505,13,wano,4
1505,14,nat,1
1505,14,firewall,5
1505,14,wano,4
1505,14,ids,1
1505,15,nat,6
1505,15,firewall,5
1505,15,ids,1
1505,16,nat,1
1505,16,firewall,5
1505,16,ids,5
1505,17,nat,1
1505,17,firewall,5
1505,17,ids,1
1505,18,nat,1
1505,18,firewall,5
1505,18,ids,1
1505,19,nat,3
1505,19,wano,4
1505,20,nat,6
1505,20,proxy,3
1505,21,nat,1
1505,21,firewall,5
1505,21,ids,4
1505,22,nat,1
1505,22,firewall,5
1505,22,ids,4
1505,23,nat,3
1505,23,firewall,5
1505,23,ids,1
1505,24,nat,6
1505,24,firewall,5
1505,24,ids,1
1505,25,nat,3
1505,25,firewall,5
1505,25,wano,4
1505,25,ids,5
1505,26,nat,3
1505,26,firewall,5
1505,26,ids,4
1505,27,nat,3
1505,27,proxy,3
1602,6,nat,1
1602,6,firewall,3
1602,6,ids,3
1602,8,nat,7
1602,8,firewall,1
1602,8,ids,7
1602,10,nat,7
1602,10,firewall,1
1602,10,ids,7
1602,11,nat,4
1602,11,proxy,1
1602,12,nat,1
1602,12,firewall,1
1602,12,ids,7
1602,13,nat,1
1602,13,wano,7
1602,14,nat,1
1602,14,firewall,3
1602,14,wano,7
1602,14,ids,7
1602,15,nat,7
1602,15,firewall,1
1602,15,ids,7
1602,16,nat,7
1602,16,firewall,1
1602,16,ids,3
1602,17,nat,1
1602,17,firewall,3
1602,17,ids,7
1602,18,nat,4
1602,18,firewall,1
1602,18,ids,3
1602,19,nat,7
1602,19,wano,7
1602,20,nat,7
1602,20,proxy,1
1602,21,nat,7
1602,21,firewall,3
1602,21,ids,5
1602,22,nat,1
1602,22,firewall,1
1602,22,ids,3
1602,23,nat,1
1602,23,firewall,3
1602,23,ids,5
1602,24,nat,1
1602,24,firewall,3
1602,24,ids,3
1602,25,nat,4
1602,25,firewall,3
1602,25,wano,7
1602,25,ids,5
1602,26,nat,1
1602,26,firewall,1
1602,26,ids,7
1602,27,nat,7
1602,27,proxy,1
1602,28,nat,7
1602,28,firewall,1
1602,28,ids,3
1653,8,nat,4
1653,8,firewall,1
1653,8,ids,8
1653,10,nat,4
1653,10,firewall,8
1653,10,ids,3
1653,11,nat,1
1653,11,proxy,7
1653,12,nat,4
1653,12,firewall,8
1653,12,ids,8
1653,13,nat,5
1653,13,wano,2
1653,14,nat,1
1653,14,firewall,8
1653,14,wano,2
1653,14,ids,2
1653,15,nat,1
1653,15,firewall,1
1653,15,ids,2
1653,16,nat,1
1653,16,firewall,8
1653,16,ids,3
1653,17,nat,1
1653,17,firewall,1
1653,17,ids,3
1653,18,nat,1
1653,18,firewall,8
1653,18,ids,2
1653,19,nat,4
1653,19,wano,2
1653,20,nat,4
1653,20,proxy,7
1653,21,nat,1
1653,21,firewall,1
1653,21,ids,3
1653,22,nat,1
1653,22,firewall,1
1653,22,ids,8
1653,23,nat,1
1653,23,firewall,8
1653,23,ids,2
1653,24,nat,4
1653,24,firewall,1
1653,24,ids,8
1653,25,nat,5
1653,25,firewall,8
1653,25,wano,2
1653,25,ids,2
1653,26,nat,4
1653,26,firewall,1
1653,26,ids,3
1653,27,nat,4
1653,27,proxy,7
1653,28,nat,1
1653,28,firewall,1
1653,28,ids,3
1653,29,nat,4
1653,29,firewall,8
1653,29,ids,2
1796,8,nat,6
1796,8,firewall,8
1796,8,ids,5
1796,11,nat,6
1796,11,proxy,1
1796,12,nat,6
1796,12,firewall,4
1796,12,ids,5
1796,13,nat,6
1796,13,wano,5
1796,14,nat,6
1796,14,firewall,4
1796,14,wano,5
1796,14,ids,6
1796,15,nat,6
1796,15,firewall,8
1796,15,ids,5
1796,16,nat,6
1796,16,firewall,8
1796,16,ids,6
1796,17,nat,6
1796,17,firewall,8
1796,17,ids,4
1796,18,nat,6
1796,18,firewall,8
1796,18,ids,5
1796,19,nat,6
1796,19,wano,2
1796,20,nat,6
1796,20,proxy,1
1796,21,nat,6
1796,21,firewall,4
1796,21,ids,5
1796,22,nat,6
1796,22,firewall,8
1796,22,ids,6
1796,23,nat,6
1796,23,firewall,8
1796,23,ids,6
1796,24,nat,6
1796,24,firewall,4
1796,24,ids,6
1796,25,nat,6
1796,25,firewall,8
1796,25,wano,5
1796,25,ids,5
1796,26,nat,6
1796,26,firewall,4
1796,26,ids,6
1796,27,nat,6
1796,27,proxy,1
1796,28,nat,6
1796,28,firewall,4
1796,28,ids,4
1796,29,nat,6
1796,29,firewall,4
1796,29,ids,4
1796,30,nat,6
1796,30,wano,5
1799,8,nat,8
1799,8,firewall,4
1799,8,ids,8
1799,11,nat,8
1799,11,proxy,5
1799,12,nat,3
1799,12,firewall,8
1799,12,ids,7
1799,13,nat,3
1799,13,wano,7
1799,14,nat,8
1799,14,firewall,8
1799,14,wano,7
1799,14,ids,7
1799,15,nat,8
1799,15,firewall,4
1799,15,ids,8
1799,16,nat,3
1799,16,firewall,4
1799,16,ids,8
1799,17,nat,8
1799,17,firewall,4
1799,17,ids,8
1799,18,nat,8
1799,18,firewall,4
1799,18,ids,8
1799,19,nat,8
1799,19,wano,7
1799,20,nat,3
1799,20,proxy,5
1799,21,nat,8
1799,21,firewall,4
1799,21,ids,8
1799,22,nat,8
1799,22,firewall,8
1799,22,ids,8
1799,23,nat,3
1799,23,firewall,8
1799,23,ids,7
1799,24,nat,3
1799,24,firewall,8
1799,24,ids,7
1799,25,nat,8
1799,25,firewall,8
1799,25,wano,7
1799,25,ids,7
1799,26,nat,3
1799,26,firewall,4
1799,26,ids,8
1799,27,nat,8
1799,27,proxy,5
1799,28,nat,3
1799,28,firewall,4
1799,28,ids,7
1799,29,nat,3
1799,29,firewall,8
1799,29,ids,8
1799,30,nat,8
1799,30,wano,4
1799,31,nat,8
1799,31,firewall,4
1799,31,wano,4
1799,31,ids,8
1805,12,nat,4
1805,12,firewall,5
1805,12,ids,6
1805,13,nat,4
1805,13,wano,4
1805,14,nat,4
1805,14,firewall,5
1805,14,wano,4
1805,14,ids,6
1805,15,nat,8
1805,15,firewall,3
1805,15,ids,6
1805,16,nat,8
1805,16,firewall,5
1805,16,ids,1
1805,17,nat,3
1805,17,firewall,5
1805,17,ids,3
1805,18,nat,4
1805,18,firewall,5
1805,18,ids,6
1805,19,nat,4
1805,19,wano,2
1805,20,nat,8
1805,20,proxy,8
1805,21,nat,4
1805,21,firewall,3
1805,21,ids,3
1805,22,nat,8
1805,22,firewall,3
1805,22,ids,1
1805,23,nat,8
1805,23,firewall,5
1805,23,ids,3
1805,24,nat,4
1805,24,firewall,5
1805,24,ids,1
1805,25,nat,8
1805,25,firewall,3
1805,25,wano,2
1805,25,ids,3
1805,26,nat,3
1805,26,firewall,5
1805,26,ids,6
1805,27,nat,8
1805,27,proxy,8
1805,28,nat,4
1805,28,firewall,5
1805,28,ids,3
1805,29,nat,4
1805,29,firewall,3
1805,29,ids,6
1805,30,nat,8
1805,30,wano,4
1805,31,nat,3
1805,31,firewall,3
1805,31,wano,2
1805,31,ids,1
1805,32,nat,8
1805,32,proxy,8
1852,12,nat,1
1852,12,firewall,5
1852,12,ids,5
1852,13,nat,7
1852,13,wano,6
1852,14,nat,1
1852,14,firewall,5
1852,14,wano,6
1852,14,ids,5
1852,16,nat,7
1852,16,firewall,3
1852,16,ids,1
1852,17,nat,6
1852,17,firewall,3
1852,17,ids,5
1852,18,nat,1
1852,18,firewall,5
1852,18,ids,4
1852,19,nat,7
1852,19,wano,3
1852,20,nat,6
1852,20,proxy,1
1852,21,nat,7
1852,21,firewall,3
1852,21,ids,5
1852,22,nat,1
1852,22,firewall,5
1852,22,ids,4
1852,23,nat,1
1852,23,firewall,5
1852,23,ids,4
1852,24,nat,7
1852,24,firewall,5
1852,24,ids,4
1852,25,nat,7
1852,25,firewall,3
1852,25,wano,6
1852,25,ids,4
1852,26,nat,1
1852,26,firewall,3
1852,26,ids,1
1852,27,nat,7
1852,27,proxy,1
1852,28,nat,1
1852,28,firewall,5
1852,28,ids,1
1852,29,nat,1
1852,29,firewall,5
1852,29,ids,5
1852,30,nat,1
1852,30,wano,6
1852,31,nat,6
1852,31,firewall,3
1852,31,wano,3
1852,31,ids,4
1852,32,nat,1
1852,32,proxy,1
1852,33,nat,6
1852,33,firewall,5
1852,33,ids,5
1901,12,nat,8
1901,12,firewall,7
1901,12,ids,7
1901,13,nat,8
1901,13,wano,4
1901,14,nat,3
1901,14,firewall,3
1901,14,wano,4
1901,14,ids,8
1901,16,nat,1
1901,16,firewall,3
1901,16,ids,6
1901,17,nat,8
1901,17,firewall,7
1901,17,ids,7
1901,18,nat,3
1901,18,firewall,7
1901,18,ids,6
1901,19,nat,3
1901,19,wano,4
1901,20,nat,3
1901,20,proxy,1
1901,21,nat,3
1901,21,firewall,1
1901,21,ids,6
1901,22,nat,1
1901,22,firewall,1
1901,22,ids,8
1901,23,nat,1
1901,23,firewall,7
1901,23,ids,8
1901,24,nat,8
1901,24,firewall,3
1901,24,ids,7
1901,25,nat,8
1901,25,firewall,7
1901,25,wano,4
1901,25,ids,6
1901,26,nat,1
1901,26,firewall,7
1901,26,ids,8
1901,27,nat,3
1901,27,proxy,1
1901,28,nat,1
1901,28,firewall,1
1901,28,ids,6
1901,29,nat,8
1901,29,firewall,7
1901,29,ids,6
1901,30,nat,8
1901,30,wano,1
1901,31,nat,8
1901,31,firewall,7
1901,31,wano,1
1901,31,ids,8
1901,32,nat,8
1901,32,proxy,1
1901,33,nat,1
1901,33,firewall,1
1901,33,ids,8
1901,34,nat,1
1901,34,firewall,7
1901,34,ids,7
1955,17,nat,1
1955,17,firewall,1
1955,17,ids,8
1955,18,nat,1
1955,18,firewall,1
1955,18,ids,8
1955,19,nat,1
1955,19,wano,7
1955,20,nat,7
1955,20,proxy,1
1955,21,nat,8
1955,21,firewall,1
1955,21,ids,5
1955,22,nat,1
1955,22,firewall,1
1955,22,ids,5
1955,23,nat,1
1955,23,firewall,8
1955,23,ids,8
1955,24,nat,1
1955,24,firewall,8
1955,24,ids,5
1955,25,nat,8
1955,25,firewall,8
1955,25,wano,7
1955,25,ids,8
1955,26,nat,8
1955,26,firewall,1
1955,26,ids,8
1955,27,nat,1
1955,27,proxy,1
1955,28,nat,8
1955,28,firewall,8
1955,28,ids,5
1955,29,nat,7
1955,29,firewall,8
1955,29,ids,7
1955,30,nat,8
1955,30,wano,1
1955,31,nat,7
1955,31,firewall,8
1955,31,wano,7
1955,31,ids,7
1955,32,nat,8
1955,32,proxy,1
1955,33,nat,8
1955,33,firewall,8
1955,33,ids,5
1955,34,nat,8
1955,34,firewall,1
1955,34,ids,8
1955,35,nat,1
1955,35,proxy,1
2004,17,nat,2
2004,17,firewall,7
2004,17,ids,7
2004,18,nat,8
2004,18,firewall,3
2004,18,ids,6
2004,19,nat,8
2004,19,wano,4
2004,20,nat,7
2004,20,proxy,3
2004,21,nat,7
2004,21,firewall,7
2004,21,ids,8
2004,22,nat,2
2004,22,firewall,7
2004,22,ids,7
2004,23,nat,7
2004,23,firewall,3
2004,23,ids,6
2004,24,nat,8
2004,24,firewall,3
2004,24,ids,8
2004,25,nat,7
2004,25,firewall,7
2004,25,wano,1
2004,25,ids,7
2004,26,nat,2
2004,26,firewall,7
2004,26,ids,8
2004,27,nat,2
2004,27,proxy,3
2004,28,nat,2
2004,28,firewall,3
2004,28,ids,8
2004,29,nat,7
2004,29,firewall,7
2004,29,ids,8
2004,30,nat,2
2004,30,wano,1
2004,31,nat,7
2004,31,firewall,7
2004,31,wano,1
2004,31,ids,7
2004,32,nat,8
2004,32,proxy,3
2004,33,nat,8
2004,33,firewall,3
2004,33,ids,6
2004,34,nat,7
2004,34,firewall,3
2004,34,ids,8
2004,35,nat,8
2004,35,proxy,3
2004,36,nat,7
2004,36,firewall,7
2004,36,ids,7
2098,18,nat,6
2098,18,firewall,2
2098,18,ids,1
2098,19,nat,6
2098,19,wano,4
2098,20,nat,5
2098,20,proxy,5
2098,21,nat,6
2098,21,firewall,4
2098,21,ids,6
2098,22,nat,6
2098,22,firewall,2
2098,22,ids,6
2098,23,nat,5
2098,23,firewall,4
2098,23,ids,1
2098,24,nat,3
2098,24,firewall,2
2098,24,ids,1
2098,25,nat,5
2098,25,firewall,4
2098,25,wano,6
2098,25,ids,6
2098,26,nat,5
2098,26,firewall,4
2098,26,ids,6
2098,27,nat,5
2098,27,proxy,5
2098,28,nat,6
2098,28,firewall,4
2098,28,ids,1
2098,29,nat,6
2098,29,firewall,2
2098,29,ids,6
2098,30,nat,6
2098,30,wano,4
2098,31,nat,3
2098,31,firewall,2
2098,31,wano,4
2098,31,ids,1
2098,32,nat,5
2098,32,proxy,5
2098,33,nat,6
2098,33,firewall,4
2098,33,ids,6
2098,34,nat,5
2098,34,firewall,2
2098,34,ids,5
2098,35,nat,6
2098,35,proxy,5
2098,36,nat,5
2098,36,firewall,4
2098,36,ids,1
2098,37,nat,5
2098,37,wano,6
2105,18,nat,4
2105,18,firewall,8
2105,18,ids,1
2105,19,nat,4
2105,19,wano,8
2105,20,nat,4
2105,20,proxy,3
2105,21,nat,4
2105,21,firewall,8
2105,21,ids,8
2105,22,nat,3
2105,22,firewall,7
2105,22,ids,1
2105,23,nat,3
2105,23,firewall,8
2105,23,ids,1
2105,24,nat,3
2105,24,firewall,7
2105,24,ids,2
2105,25,nat,3
2105,25,firewall,8
2105,25,wano,5
2105,25,ids,8
2105,26,nat,4
2105,26,firewall,8
2105,26,ids,1
2105,27,nat,3
2105,27,proxy,3
2105,28,nat,6
2105,28,firewall,7
2105,28,ids,8
2105,29,nat,3
2105,29,firewall,8
2105,29,ids,8
2105,30,nat,6
2105,30,wano,8
2105,31,nat,6
2105,31,firewall,7
2105,31,wano,5
2105,31,ids,2
2105,32,nat,4
2105,32,proxy,3
2105,33,nat,4
2105,33,firewall,8
2105,33,ids,8
2105,34,nat,3
2105,34,firewall,8
2105,34,ids,2
2105,35,nat,3
2105,35,proxy,3
2105,36,nat,4
2105,36,firewall,7
2105,36,ids,1
2105,37,nat,4
2105,37,wano,5
2105,38,nat,3
2105,38,firewall,7
2105,38,ids,1
2105,18,nat,8
2105,18,firewall,1
2105,18,ids,8
2105,19,nat,7
2105,19,wano,6
2105,20,nat,7
2105,20,proxy,8
2105,21,nat,1
2105,21,firewall,1
2105,21,ids,8
2105,22,nat,8
2105,22,firewall,1
2105,22,ids,8
2105,23,nat,8
2105,23,firewall,1
2105,23,ids,8
2105,24,nat,7
2105,24,firewall,4
2105,24,ids,4
2105,25,nat,8
2105,25,firewall,1
2105,25,wano,1
2105,25,ids,4
2105,26,nat,1
2105,26,firewall,4
2105,26,ids,8
2105,27,nat,7
2105,27,proxy,8
2105,28,nat,7
2105,28,firewall,4
2105,28,ids,4
2105,29,nat,1
2105,29,firewall,1
2105,29,ids,8
2105,30,nat,7
2105,30,wano,1
2105,31,nat,1
2105,31,firewall,4
2105,31,wano,6
2105,31,ids,4
2105,32,nat,1
2105,32,proxy,8
2105,33,nat,1
2105,33,firewall,4
2105,33,ids,4
2105,34,nat,1
2105,34,firewall,1
2105,34,ids,8
2105,35,nat,7
2105,35,proxy,8
2105,36,nat,7
2105,36,firewall,1
2105,36,ids,8
2105,37,nat,1
2105,37,wano,6
2105,38,nat,1
2105,38,firewall,1
2105,38,ids,4
2105,39,nat,8
2105,39,proxy,8
2255,19,nat,4
2255,19,wano,4
2255,20,nat,4
2255,20,proxy,5
2255,22,nat,1
2255,22,firewall,1
2255,22,ids,3
2255,23,nat,1
2255,23,firewall,1
2255,23,ids,1
2255,24,nat,4
2255,24,firewall,1
2255,24,ids,8
2255,25,nat,4
2255,25,firewall,1
2255,25,wano,4
2255,25,ids,1
2255,26,nat,1
2255,26,firewall,1
2255,26,ids,1
2255,27,nat,6
2255,27,proxy,5
2255,28,nat,1
2255,28,firewall,2
2255,28,ids,1
2255,29,nat,1
2255,29,firewall,2
2255,29,ids,1
2255,30,nat,6
2255,30,wano,8
2255,31,nat,1
2255,31,firewall,1
2255,31,wano,8
2255,31,ids,1
2255,32,nat,4
2255,32,proxy,5
2255,33,nat,1
2255,33,firewall,2
2255,33,ids,8
2255,34,nat,6
2255,34,firewall,1
2255,34,ids,8
2255,35,nat,4
2255,35,proxy,5
2255,36,nat,1
2255,36,firewall,2
2255,36,ids,8
2255,37,nat,6
2255,37,wano,4
2255,38,nat,1
2255,38,firewall,1
2255,38,ids,8
2255,39,nat,4
2255,39,proxy,5
2255,40,nat,1
2255,40,firewall,1
2255,40,ids,8
2357,22,nat,1
2357,22,firewall,1
2357,22,ids,1
2357,23,nat,1
2357,23,firewall,5
2357,23,ids,1
2357,24,nat,1
2357,24,firewall,1
2357,24,ids,1
2357,25,nat,5
2357,25,firewall,5
2357,25,wano,1
2357,25,ids,1
2357,26,nat,1
2357,26,firewall,1
2357,26,ids,2
2357,27,nat,5
2357,27,proxy,3
2357,28,nat,5
2357,28,firewall,5
2357,28,ids,8
2357,29,nat,1
2357,29,firewall,1
2357,29,ids,8
2357,30,nat,1
2357,30,wano,1
2357,31,nat,2
2357,31,firewall,1
2357,31,wano,1
2357,31,ids,1
2357,32,nat,2
2357,32,proxy,3
2357,33,nat,1
2357,33,firewall,1
2357,33,ids,8
2357,34,nat,5
2357,34,firewall,5
2357,34,ids,2
2357,35,nat,2
2357,35,proxy,3
2357,36,nat,2
2357,36,firewall,1
2357,36,ids,8
2357,37,nat,5
2357,37,wano,1
2357,38,nat,1
2357,38,firewall,5
2357,38,ids,1
2357,39,nat,2
2357,39,proxy,3
2357,40,nat,5
2357,40,firewall,1
2357,40,ids,8
2357,41,nat,5
2357,41,firewall,5
2357,41,ids,8
2400,23,nat,7
2400,23,firewall,3
2400,23,ids,5
2400,24,nat,2
2400,24,firewall,3
2400,24,ids,5
2400,25,nat,7
2400,25,firewall,3
2400,25,wano,3
2400,25,ids,3
2400,26,nat,1
2400,26,firewall,3
2400,26,ids,4
2400,27,nat,2
2400,27,proxy,3
2400,28,nat,1
2400,28,firewall,5
2400,28,ids,5
2400,29,nat,7
2400,29,firewall,3
2400,29,ids,4
2400,30,nat,1
2400,30,wano,3
2400,31,nat,1
2400,31,firewall,5
2400,31,wano,3
2400,31,ids,4
2400,32,nat,1
2400,32,proxy,3
2400,33,nat,1
2400,33,firewall,5
2400,33,ids,4
2400,34,nat,7
2400,34,firewall,3
2400,34,ids,5
2400,35,nat,1
2400,35,proxy,3
2400,36,nat,7
2400,36,firewall,3
2400,36,ids,4
2400,37,nat,7
2400,37,wano,1
2400,38,nat,7
2400,38,firewall,3
2400,38,ids,3
2400,39,nat,7
2400,39,proxy,3
2400,40,nat,1
2400,40,firewall,5
2400,40,ids,3
2400,41,nat,7
2400,41,firewall,5
2400,41,ids,3
2400,42,nat,1
2400,42,firewall,5
2400,42,wano,1
2400,42,ids,3
2401,23,nat,1
2401,23,firewall,1
2401,23,ids,8
2401,24,nat,1
2401,24,firewall,1
2401,24,ids,8
2401,25,nat,8
2401,25,firewall,1
2401,25,wano,8
2401,25,ids,8
2401,26,nat,8
2401,26,firewall,3
2401,26,ids,7
2401,27,nat,8
2401,27,proxy,2
2401,28,nat,2
2401,28,firewall,3
2401,28,ids,8
2401,29,nat,1
2401,29,firewall,1
2401,29,ids,1
2401,30,nat,1
2401,30,wano,1
2401,31,nat,8
2401,31,firewall,3
2401,31,wano,8
2401,31,ids,1
2401,32,nat,8
2401,32,proxy,2
2401,33,nat,1
2401,33,firewall,1
2401,33,ids,1
2401,34,nat,8
2401,34,firewall,1
2401,34,ids,1
2401,35,nat,2
2401,35,proxy,2
2401,36,nat,1
2401,36,firewall,1
2401,36,ids,1
2401,37,nat,1
2401,37,wano,1
2401,38,nat,2
2401,38,firewall,1
2401,38,ids,8
2401,39,nat,8
2401,39,proxy,2
2401,40,nat,8
2401,40,firewall,1
2401,40,ids,7
2401,41,nat,1
2401,41,firewall,3
2401,41,ids,1
2401,42,nat,8
2401,42,firewall,3
2401,42,wano,8
2401,42,ids,7
2401,43,nat,1
2401,43,wano,8
2404,23,nat,4
2404,23,firewall,4
2404,23,ids,1
2404,24,nat,4
2404,24,firewall,8
2404,24,ids,7
2404,25,nat,4
2404,25,firewall,8
2404,25,wano,6
2404,25,ids,5
2404,26,nat,4
2404,26,firewall,4
2404,26,ids,7
2404,27,nat,5
2404,27,proxy,4
2404,28,nat,5
2404,28,firewall,4
2404,28,ids,5
2404,29,nat,1
2404,29,firewall,8
2404,29,ids,7
2404,30,nat,5
2404,30,wano,6
2404,31,nat,1
2404,31,firewall,8
2404,31,wano,6
2404,31,ids,7
2404,32,nat,1
2404,32,proxy,4
2404,33,nat,5
2404,33,firewall,4
2404,33,ids,1
2404,34,nat,1
2404,34,firewall,8
2404,34,ids,1
2404,35,nat,5
2404,35,proxy,4
2404,36,nat,5
2404,36,firewall,8
2404,36,ids,1
2404,37,nat,5
2404,37,wano,6
2404,38,nat,1
2404,38,firewall,8
2404,38,ids,7
2404,39,nat,4
2404,39,proxy,4
2404,40,nat,5
2404,40,firewall,4
2404,40,ids,1
2404,41,nat,1
2404,41,firewall,8
2404,41,ids,1
2404,42,nat,1
2404,42,firewall,8
2404,42,wano,1
2404,42,ids,7
2404,43,nat,5
2404,43,wano,1
2404,44,nat,4
2404,44,proxy,4
2461,24,nat,6
2461,24,firewall,8
2461,24,ids,4
2461,25,nat,5
2461,25,firewall,8
2461,25,wano,4
2461,25,ids,1
2461,26,nat,5
2461,26,firewall,4
2461,26,ids,5
2461,27,nat,1
2461,27,proxy,2
2461,28,nat,6
2461,28,firewall,4
2461,28,ids,5
2461,29,nat,1
2461,29,firewall,4
2461,29,ids,5
2461,30,nat,1
2461,30,wano,4
2461,31,nat,1
2461,31,firewall,4
2461,31,wano,4
2461,31,ids,4
2461,32,nat,1
2461,32,proxy,2
2461,33,nat,6
2461,33,firewall,4
2461,33,ids,5
2461,34,nat,5
2461,34,firewall,8
2461,34,ids,1
2461,35,nat,6
2461,35,proxy,2
2461,36,nat,1
2461,36,firewall,4
2461,36,ids,1
2461,37,nat,5
2461,37,wano,4
2461,38,nat,5
2461,38,firewall,4
2461,38,ids,1
2461,39,nat,1
2461,39,proxy,2
2461,40,nat,6
2461,40,firewall,8
2461,40,ids,5
2461,41,nat,6
2461,41,firewall,8
2461,41,ids,1
2461,42,nat,1
2461,42,firewall,8
2461,42,wano,5
2461,42,ids,5
2461,43,nat,1
2461,43,wano,5
2461,44,nat,5
2461,44,proxy,2
2461,45,nat,5
2461,45,firewall,4
2461,45,ids,1
2512,24,nat,6
2512,24,firewall,8
2512,24,ids,5
2512,26,nat,6
2512,26,firewall,8
2512,26,ids,5
2512,27,nat,2
2512,27,proxy,2
2512,28,nat,6
2512,28,firewall,2
2512,28,ids,6
2512,29,nat,6
2512,29,firewall,2
2512,29,ids,6
2512,30,nat,2
2512,30,wano,6
2512,31,nat,2
2512,31,firewall,2
2512,31,wano,6
2512,31,ids,5
2512,32,nat,1
2512,32,proxy,2
2512,33,nat,1
2512,33,firewall,8
2512,33,ids,7
2512,34,nat,6
2512,34,firewall,8
2512,34,ids,6
2512,35,nat,1
2512,35,proxy,2
2512,36,nat,2
2512,36,firewall,8
2512,36,ids,7
2512,37,nat,6
2512,37,wano,6
2512,38,nat,2
2512,38,firewall,8
2512,38,ids,5
2512,39,nat,2
2512,39,proxy,2
2512,40,nat,6
2512,40,firewall,8
2512,40,ids,7
2512,41,nat,2
2512,41,firewall,8
2512,41,ids,6
2512,42,nat,2
2512,42,firewall,2
2512,42,wano,6
2512,42,ids,7
2512,43,nat,6
2512,43,wano,7
2512,44,nat,1
2512,44,proxy,2
2512,45,nat,2
2512,45,firewall,2
2512,45,ids,7
2512,46,nat,1
2512,46,firewall,2
2512,46,ids,6
2557,24,nat,4
2557,24,firewall,3
2557,24,ids,8
2557,26,nat,4
2557,26,firewall,6
2557,26,ids,8
2557,27,nat,5
2557,27,proxy,5
2557,28,nat,4
2557,28,firewall,3
2557,28,ids,1
2557,30,nat,5
2557,30,wano,6
2557,31,nat,5
2557,31,firewall,6
2557,31,wano,7
2557,31,ids,1
2557,32,nat,7
2557,32,proxy,5
2557,33,nat,5
2557,33,firewall,6
2557,33,ids,8
2557,34,nat,7
2557,34,firewall,6
2557,34,ids,1
2557,35,nat,7
2557,35,proxy,5
2557,36,nat,5
2557,36,firewall,6
2557,36,ids,1
2557,37,nat,5
2557,37,wano,6
2557,38,nat,4
2557,38,firewall,6
2557,38,ids,8
2557,39,nat,7
2557,39,proxy,5
2557,40,nat,4
2557,40,firewall,3
2557,40,ids,1
2557,41,nat,4
2557,41,firewall,6
2557,41,ids,1
2557,42,nat,5
2557,42,firewall,3
2557,42,wano,6
2557,42,ids,8
2557,43,nat,4
2557,43,wano,6
2557,44,nat,4
2557,44,proxy,5
2557,45,nat,7
2557,45,firewall,3
2557,45,ids,8
2557,46,nat,7
2557,46,firewall,3
2557,46,ids,8
2557,47,nat,7
2557,47,proxy,5
2700,26,nat,7
2700,26,firewall,1
2700,26,ids,7
2700,30,nat,7
2700,30,wano,6
2700,31,nat,8
2700,31,firewall,1
2700,31,wano,4
2700,31,ids,2
2700,32,nat,1
2700,32,proxy,1
2700,33,nat,8
2700,33,firewall,2
2700,33,ids,7
2700,34,nat,1
2700,34,firewall,2
2700,34,ids,7
2700,35,nat,8
2700,35,proxy,1
2700,36,nat,1
2700,36,firewall,2
2700,36,ids,2
2700,37,nat,8
2700,37,wano,4
2700,38,nat,1
2700,38,firewall,1
2700,38,ids,7
2700,39,nat,1
2700,39,proxy,1
2700,40,nat,8
2700,40,firewall,2
2700,40,ids,2
2700,41,nat,1
2700,41,firewall,1
2700,41,ids,7
2700,42,nat,1
2700,42,firewall,1
2700,42,wano,4
2700,42,ids,7
2700,43,nat,8
2700,43,wano,6
2700,44,nat,7
2700,44,proxy,1
2700,45,nat,1
2700,45,firewall,2
2700,45,ids,2
2700,46,nat,8
2700,46,firewall,1
2700,46,ids,2
2700,47,nat,1
2700,47,proxy,1
2700,48,nat,7
2700,48,firewall,2
2700,48,wano,6
2700,48,ids,2
2700,26,nat,1
2700,26,firewall,1
2700,26,ids,6
2700,30,nat,4
2700,30,wano,6
2700,31,nat,1
2700,31,firewall,1
2700,31,wano,3
2700,31,ids,6
2700,32,nat,3
2700,32,proxy,8
2700,33,nat,1
2700,33,firewall,8
2700,33,ids,6
2700,34,nat,3
2700,34,firewall,1
2700,34,ids,1
2700,35,nat,4
2700,35,proxy,8
2700,36,nat,1
2700,36,firewall,1
2700,36,ids,1
2700,37,nat,1
2700,37,wano,3
2700,38,nat,1
2700,38,firewall,8
2700,38,ids,6
2700,39,nat,1
2700,39,proxy,8
2700,40,nat,3
2700,40,firewall,1
2700,40,ids,1
2700,41,nat,4
2700,41,firewall,1
2700,41,ids,6
2700,42,nat,3
2700,42,firewall,1
2700,42,wano,3
2700,42,ids,1
2700,43,nat,3
2700,43,wano,6
2700,44,nat,4
2700,44,proxy,8
2700,45,nat,1
2700,45,firewall,1
2700,45,ids,1
2700,46,nat,1
2700,46,firewall,1
2700,46,ids,6
2700,47,nat,3
2700,47,proxy,8
2700,48,nat,3
2700,48,firewall,8
2700,48,wano,3
2700,48,ids,1
2700,49,nat,4
2700,49,wano,6
2709,26,nat,2
2709,26,firewall,5
2709,26,ids,6
2709,30,nat,8
2709,30,wano,2
2709,32,nat,2
2709,32,proxy,8
2709,33,nat,8
2709,33,firewall,4
2709,33,ids,4
2709,34,nat,8
2709,34,firewall,5
2709,34,ids,4
2709,35,nat,2
2709,35,proxy,8
2709,36,nat,5
2709,36,firewall,5
2709,36,ids,4
2709,37,nat,5
2709,37,wano,2
2709,38,nat,5
2709,38,firewall,4
2709,38,ids,6
2709,39,nat,8
2709,39,proxy,8
2709,40,nat,8
2709,40,firewall,4
2709,40,ids,4
2709,41,nat,5
2709,41,firewall,4
2709,41,ids,4
2709,42,nat,5
2709,42,firewall,4
2709,42,wano,8
2709,42,ids,4
2709,43,nat,8
2709,43,wano,8
2709,44,nat,5
2709,44,proxy,8
2709,45,nat,2
2709,45,firewall,5
2709,45,ids,6
2709,46,nat,8
2709,46,firewall,5
2709,46,ids,6
2709,47,nat,8
2709,47,proxy,8
2709,48,nat,2
2709,48,firewall,5
2709,48,wano,8
2709,48,ids,6
2709,49,nat,8
2709,49,wano,2
2709,50,nat,5
2709,50,proxy,8
2712,26,nat,4
2712,26,firewall,1
2712,26,ids,1
2712,30,nat,1
2712,30,wano,1
2712,32,nat,4
2712,32,proxy,1
2712,33,nat,1
2712,33,firewall,1
2712,33,ids,1
2712,34,nat,1
2712,34,firewall,1
2712,34,ids,4
2712,35,nat,4
2712,35,proxy,1
2712,36,nat,3
2712,36,firewall,1
2712,36,ids,4
2712,37,nat,1
2712,37,wano,7
2712,38,nat,4
2712,38,firewall,1
2712,38,ids,1
2712,39,nat,4
2712,39,proxy,1
2712,40,nat,1
2712,40,firewall,1
2712,40,ids,4
2712,41,nat,4
2712,41,firewall,1
2712,41,ids,1
2712,42,nat,4
2712,42,firewall,1
2712,42,wano,7
2712,42,ids,4
2712,43,nat,3
2712,43,wano,7
2712,44,nat,1
2712,44,proxy,1
2712,45,nat,1
2712,45,firewall,1
2712,45,ids,4
2712,46,nat,3
2712,46,firewall,1
2712,46,ids,1
2712,47,nat,1
2712,47,proxy,1
2712,48,nat,4
2712,48,firewall,1
2712,48,wano,7
2712,48,ids,1
2712,49,nat,1
2712,49,wano,1
2712,50,nat,3
2712,50,proxy,1
2712,51,nat,3
2712,51,firewall,1
2712,51,ids,4
2860,32,nat,8
2860,32,proxy,5
2860,33,nat,1
2860,33,firewall,1
2860,33,ids,7
2860,35,nat,8
2860,35,proxy,5
2860,36,nat,8
2860,36,firewall,5
2860,36,ids,2
2860,37,nat,1
2860,37,wano,1
2860,38,nat,8
2860,38,firewall,5
2860,38,ids,2
2860,40,nat,1
2860,40,firewall,5
2860,40,ids,2
2860,41,nat,8
2860,41,firewall,5
2860,41,ids,7
2860,42,nat,1
2860,42,firewall,5
2860,42,wano,5
2860,42,ids,2
2860,43,nat,8
2860,43,wano,5
2860,44,nat,8
2860,44,proxy,5
2860,45,nat,1
2860,45,firewall,1
2860,45,ids,7
2860,46,nat,8
2860,46,firewall,1
2860,46,ids,2
2860,47,nat,1
2860,47,proxy,5
2860,48,nat,1
2860,48,firewall,5
2860,48,wano,1
2860,48,ids,7
2860,49,nat,1
2860,49,wano,1
2860,50,nat,8
2860,50,proxy,5
2860,51,nat,1
2860,51,firewall,5
2860,51,ids,7
2860,52,nat,8
2860,52,proxy,5
2860,32,nat,1
2860,32,proxy,8
2860,33,nat,8
2860,33,firewall,8
2860,33,ids,1
2860,35,nat,1
2860,35,proxy,8
2860,36,nat,1
2860,36,firewall,1
2860,36,ids,1
2860,37,nat,1
2860,37,wano,7
2860,38,nat,1
2860,38,firewall,1
2860,38,ids,8
2860,40,nat,1
2860,40,firewall,1
2860,40,ids,8
2860,41,nat,8
2860,41,firewall,1
2860,41,ids,8
2860,42,nat,8
2860,42,firewall,8
2860,42,wano,8
2860,42,ids,8
2860,43,nat,8
2860,43,wano,8
2860,44,nat,1
2860,44,proxy,8
2860,45,nat,8
2860,45,firewall,1
2860,45,ids,1
2860,46,nat,1
2860,46,firewall,1
2860,46,ids,8
2860,47,nat,8
2860,47,proxy,8
2860,48,nat,8
2860,48,firewall,1
2860,48,wano,7
2860,48,ids,1
2860,49,nat,8
2860,49,wano,7
2860,50,nat,8
2860,50,proxy,8
2860,51,nat,1
2860,51,firewall,8
2860,51,ids,1
2860,52,nat,1
2860,52,proxy,8
2860,53,nat,8
2860,53,firewall,1
2860,53,ids,8
3001,35,nat,1
3001,35,proxy,8
3001,37,nat,5
3001,37,wano,4
3001,38,nat,1
3001,38,firewall,1
3001,38,ids,1
3001,40,nat,1
3001,40,firewall,1
3001,40,ids,1
3001,41,nat,1
3001,41,firewall,1
3001,41,ids,1
3001,42,nat,1
3001,42,firewall,1
3001,42,wano,4
3001,42,ids,1
3001,43,nat,1
3001,43,wano,7
3001,44,nat,5
3001,44,proxy,8
3001,45,nat,5
3001,45,firewall,1
3001,45,ids,8
3001,46,nat,1
3001,46,firewall,1
3001,46,ids,8
3001,47,nat,5
3001,47,proxy,8
3001,48,nat,1
3001,48,firewall,1
3001,48,wano,7
3001,48,ids,8
3001,49,nat,5
3001,49,wano,4
3001,50,nat,5
3001,50,proxy,8
3001,51,nat,5
3001,51,firewall,6
3001,51,ids,8
3001,52,nat,1
3001,52,proxy,8
3001,53,nat,5
3001,53,firewall,1
3001,53,ids,1
3001,54,nat,5
3001,54,firewall,1
3001,54,wano,4
3001,54,ids,8
3013,35,nat,1
3013,35,proxy,6
3013,37,nat,8
3013,37,wano,5
3013,38,nat,1
3013,38,firewall,8
3013,38,ids,1
3013,40,nat,1
3013,40,firewall,8
3013,40,ids,1
3013,41,nat,8
3013,41,firewall,4
3013,41,ids,3
3013,42,nat,8
3013,42,firewall,8
3013,42,wano,5
3013,42,ids,3
3013,43,nat,1
3013,43,wano,1
3013,44,nat,1
3013,44,proxy,6
3013,45,nat,1
3013,45,firewall,4
3013,45,ids,3
3013,46,nat,1
3013,46,firewall,4
3013,46,ids,1
3013,47,nat,8
3013,47,proxy,6
3013,48,nat,1
3013,48,firewall,4
3013,48,wano,1
3013,48,ids,3
3013,49,nat,1
3013,49,wano,5
3013,50,nat,8
3013,50,proxy,6
3013,51,nat,8
3013,51,firewall,4
3013,51,ids,1
3013,52,nat,8
3013,52,proxy,6
3013,53,nat,1
3013,53,firewall,4
3013,53,ids,1
3013,54,nat,1
3013,54,firewall,4
3013,54,wano,1
3013,54,ids,1
3013,55,nat,1
3013,55,firewall,4
3013,55,ids,3
3063,38,nat,7
3063,38,firewall,1
3063,38,ids,8
3063,40,nat,7
3063,40,firewall,1
3063,40,ids,1
3063,41,nat,7
3063,41,firewall,1
3063,41,ids,1
3063,42,nat,7
3063,42,firewall,1
3063,42,wano,5
3063,42,ids,1
3063,43,nat,6
3063,43,wano,2
3063,44,nat,7
3063,44,proxy,7
3063,45,nat,7
3063,45,firewall,1
3063,45,ids,8
3063,46,nat,6
3063,46,firewall,8
3063,46,ids,1
3063,47,nat,6
3063,47,proxy,7
3063,48,nat,6
3063,48,firewall,1
3063,48,wano,2
3063,48,ids,1
3063,49,nat,7
3063,49,wano,2
3063,50,nat,7
3063,50,proxy,7
3063,51,nat,6
3063,51,firewall,8
3063,51,ids,1
3063,52,nat,6
3063,52,proxy,7
3063,53,nat,7
3063,53,firewall,1
3063,53,ids,1
3063,54,nat,6
3063,54,firewall,8
3063,54,wano,2
3063,54,ids,8
3063,55,nat,6
3063,55,firewall,8
3063,55,ids,1
3063,56,nat,6
3063,56,firewall,1
3063,56,ids,1
3162,40,nat,2
3162,40,firewall,7
3162,40,ids,1
3162,41,nat,7
3162,41,firewall,7
3162,41,ids,1
3162,42,nat,7
3162,42,firewall,7
3162,42,wano,6
3162,42,ids,1
3162,43,nat,2
3162,43,wano,1
3162,44,nat,2
3162,44,proxy,8
3162,45,nat,2
3162,45,firewall,7
3162,45,ids,1
3162,46,nat,2
3162,46,firewall,7
3162,46,ids,1
3162,47,nat,7
3162,47,proxy,8
3162,48,nat,2
3162,48,firewall,4
3162,48,wano,1
3162,48,ids,7
3162,49,nat,7
3162,49,wano,1
3162,50,nat,7
3162,50,proxy,8
3162,51,nat,2
3162,51,firewall,4
3162,51,ids,7
3162,52,nat,7
3162,52,proxy,8
3162,53,nat,2
3162,53,firewall,7
3162,53,ids,7
3162,54,nat,2
3162,54,firewall,7
3162,54,wano,1
3162,54,ids,1
3162,55,nat,7
3162,55,firewall,7
3162,55,ids,7
3162,56,nat,7
3162,56,firewall,4
3162,56,ids,7
3162,57,nat,7
3162,57,proxy,8
3300,41,nat,7
3300,41,firewall,5
3300,41,ids,1
3300,42,nat,7
3300,42,firewall,5
3300,42,wano,1
3300,42,ids,1
3300,43,nat,4
3300,43,wano,1
3300,44,nat,7
3300,44,proxy,1
3300,46,nat,4
3300,46,firewall,8
3300,46,ids,2
3300,47,nat,4
3300,47,proxy,1
3300,48,nat,7
3300,48,firewall,8
3300,48,wano,1
3300,48,ids,2
3300,49,nat,4
3300,49,wano,1
3300,50,nat,4
3300,50,proxy,1
3300,51,nat,7
3300,51,firewall,8
3300,51,ids,2
3300,52,nat,4
3300,52,proxy,1
3300,53,nat,7
3300,53,firewall,5
3300,53,ids,2
3300,54,nat,4
3300,54,firewall,5
3300,54,wano,1
3300,54,ids,1
3300,55,nat,4
3300,55,firewall,8
3300,55,ids,1
3300,56,nat,7
3300,56,firewall,8
3300,56,ids,1
3300,57,nat,7
3300,57,proxy,1
3300,58,nat,4
3300,58,firewall,8
3300,58,wano,1
3300,58,ids,2
3304,41,nat,1
3304,41,firewall,7
3304,41,ids,8
3304,42,nat,4
3304,42,firewall,5
3304,42,wano,5
3304,42,ids,7
3304,43,nat,4
3304,43,wano,4
3304,44,nat,4
3304,44,proxy,3
3304,46,nat,4
3304,46,firewall,7
3304,46,ids,7
3304,47,nat,1
3304,47,proxy,3
3304,48,nat,2
3304,48,firewall,7
3304,48,wano,4
3304,48,ids,7
3304,49,nat,1
3304,49,wano,5
3304,50,nat,1
3304,50,proxy,3
3304,51,nat,4
3304,51,firewall,5
3304,51,ids,8
3304,52,nat,1
3304,52,proxy,3
3304,53,nat,1
3304,53,firewall,5
3304,53,ids,8
3304,54,nat,1
3304,54,firewall,7
3304,54,wano,5
3304,54,ids,7
3304,55,nat,4
3304,55,firewall,5
3304,55,ids,8
3304,56,nat,1
3304,56,firewall,5
3304,56,ids,8
3304,57,nat,1
3304,57,proxy,3
3304,58,nat,4
3304,58,firewall,5
3304,58,wano,4
3304,58,ids,7
3304,59,nat,4
3304,59,wano,4
3308,41,nat,7
3308,41,firewall,8
3308,41,ids,8
3308,43,nat,1
3308,43,wano,1
3308,44,nat,1
3308,44,proxy,1
3308,46,nat,1
3308,46,firewall,7
3308,46,ids,7
3308,47,nat,1
3308,47,proxy,1
3308,48,nat,7
3308,48,firewall,8
3308,48,wano,1
3308,48,ids,8
3308,49,nat,1
3308,49,wano,3
3308,50,nat,8
3308,50,proxy,1
3308,51,nat,7
3308,51,firewall,8
3308,51,ids,8
3308,52,nat,1
3308,52,proxy,1
3308,53,nat,1
3308,53,firewall,7
3308,53,ids,7
3308,54,nat,7
3308,54,firewall,7
3308,54,wano,3
3308,54,ids,8
3308,55,nat,8
3308,55,firewall,7
3308,55,ids,7
3308,56,nat,7
3308,56,firewall,8
3308,56,ids,7
3308,57,nat,1
3308,57,proxy,1
3308,58,nat,7
3308,58,firewall,8
3308,58,wano,1
3308,58,ids,7
3308,59,nat,7
3308,59,wano,3
3308,60,nat,1
3308,60,firewall,7
3308,60,ids,8
3313,41,nat,1
3313,41,firewall,2
3313,41,ids,2
3313,43,nat,1
3313,43,wano,1
3313,44,nat,8
3313,44,proxy,8
3313,46,nat,1
3313,46,firewall,2
3313,46,ids,2
3313,47,nat,8
3313,47,proxy,8
3313,48,nat,8
3313,48,firewall,2
3313,48,wano,1
3313,48,ids,2
3313,49,nat,1
3313,49,wano,1
3313,50,nat,8
3313,50,proxy,8
3313,51,nat,1
3313,51,firewall,1
3313,51,ids,2
3313,52,nat,1
3313,52,proxy,8
3313,53,nat,3
3313,53,firewall,2
3313,53,ids,2
3313,54,nat,1
3313,54,firewall,2
3313,54,wano,1
3313,54,ids,2
3313,55,nat,1
3313,55,firewall,2
3313,55,ids,2
3313,56,nat,3
3313,56,firewall,1
3313,56,ids,2
3313,57,nat,8
3313,57,proxy,8
3313,58,nat,3
3313,58,firewall,2
3313,58,wano,1
3313,58,ids,2
3313,59,nat,8
3313,59,wano,1
3313,60,nat,3
3313,60,firewall,2
3313,60,ids,2
3313,61,nat,3
3313,61,proxy,8
3408,43,nat,1
3408,43,wano,8
3408,44,nat,1
3408,44,proxy,2
3408,46,nat,1
3408,46,firewall,1
3408,46,ids,3
3408,47,nat,2
3408,47,proxy,2
3408,48,nat,6
3408,48,firewall,4
3408,48,wano,8
3408,48,ids,3
3408,49,nat,1
3408,49,wano,6
3408,50,nat,2
3408,50,proxy,2
3408,51,nat,6
3408,51,firewall,4
3408,51,ids,8
3408,52,nat,1
3408,52,proxy,2
3408,53,nat,1
3408,53,firewall,1
3408,53,ids,8
3408,54,nat,1
3408,54,firewall,4
3408,54,wano,6
3408,54,ids,8
3408,55,nat,2
3408,55,firewall,1
3408,55,ids,3
3408,56,nat,6
3408,56,firewall,4
3408,56,ids,8
3408,57,nat,2
3408,57,proxy,2
3408,58,nat,6
3408,58,firewall,4
3408,58,wano,6
3408,58,ids,8
3408,59,nat,6
3408,59,wano,6
3408,60,nat,6
3408,60,firewall,1
3408,60,ids,3
3408,61,nat,1
3408,61,proxy,2
3408,62,nat,1
3408,62,firewall,1
3408,62,ids,3
3460,43,nat,1
3460,43,wano,6
3460,46,nat,2
3460,46,firewall,2
3460,46,ids,1
3460,47,nat,1
3460,47,proxy,7
3460,48,nat,1
3460,48,firewall,1
3460,48,wano,6
3460,48,ids,1
3460,49,nat,2
3460,49,wano,5
3460,50,nat,2
3460,50,proxy,7
3460,51,nat,1
3460,51,firewall,1
3460,51,ids,1
3460,52,nat,2
3460,52,proxy,7
3460,53,nat,4
3460,53,firewall,1
3460,53,ids,1
3460,54,nat,1
3460,54,firewall,1
3460,54,wano,5
3460,54,ids,1
3460,55,nat,4
3460,55,firewall,1
3460,55,ids,1
3460,56,nat,4
3460,56,firewall,1
3460,56,ids,1
3460,57,nat,2
3460,57,proxy,7
3460,58,nat,2
3460,58,firewall,1
3460,58,wano,6
3460,58,ids,1
3460,59,nat,2
3460,59,wano,5
3460,60,nat,4
3460,60,firewall,1
3460,60,ids,1
3460,61,nat,1
3460,61,proxy,7
3460,62,nat,1
3460,62,firewall,2
3460,62,ids,1
3460,63,nat,1
3460,63,firewall,2
3460,63,ids,1
3462,43,nat,2
3462,43,wano,1
3462,46,nat,1
3462,46,firewall,1
3462,46,ids,1
3462,47,nat,2
3462,47,proxy,1
3462,48,nat,1
3462,48,firewall,1
3462,48,wano,8
3462,48,ids,5
3462,49,nat,1
3462,49,wano,8
3462,50,nat,1
3462,50,proxy,1
3462,51,nat,2
3462,51,firewall,1
3462,51,ids,5
3462,52,nat,1
3462,52,proxy,1
3462,53,nat,2
3462,53,firewall,2
3462,53,ids,5
3462,54,nat,7
3462,54,firewall,2
3462,54,wano,8
3462,54,ids,1
3462,55,nat,1
3462,55,firewall,2
3462,55,ids,1
3462,56,nat,2
3462,56,firewall,1
3462,56,ids,1
3462,57,nat,2
3462,57,proxy,1
3462,58,nat,7
3462,58,firewall,2
3462,58,wano,1
3462,58,ids,5
3462,59,nat,2
3462,59,wano,1
3462,60,nat,1
3462,60,firewall,2
3462,60,ids,1
3462,61,nat,7
3462,61,proxy,1
3462,62,nat,1
3462,62,firewall,1
3462,62,ids,5
3462,63,nat,2
3462,63,firewall,1
3462,63,ids,5
3462,64,nat,7
3462,64,proxy,1
3599,48,nat,2
3599,48,firewall,1
3599,48,wano,8
3599,48,ids,1
3599,49,nat,1
3599,49,wano,2
3599,50,nat,2
3599,50,proxy,4
3599,52,nat,2
3599,52,proxy,4
3599,53,nat,1
3599,53,firewall,1
3599,53,ids,1
3599,54,nat,1
3599,54,firewall,1
3599,54,wano,8
3599,54,ids,1
3599,55,nat,2
3599,55,firewall,1
3599,55,ids,8
3599,56,nat,1
3599,56,firewall,1
3599,56,ids,8
3599,57,nat,2
3599,57,proxy,4
3599,58,nat,2
3599,58,firewall,2
3599,58,wano,8
3599,58,ids,1
3599,59,nat,1
3599,59,wano,2
3599,60,nat,2
3599,60,firewall,1
3599,60,ids,8
3599,61,nat,1
3599,61,proxy,4
3599,62,nat,1
3599,62,firewall,2
3599,62,ids,8
3599,63,nat,1
3599,63,firewall,1
3599,63,ids,8
3599,64,nat,2
3599,64,proxy,4
3599,65,nat,2
3599,65,firewall,1
3599,65,wano,2
3599,65,ids,1
3609,48,nat,1
3609,48,firewall,8
3609,48,wano,2
3609,48,ids,4
3609,49,nat,2
3609,49,wano,2
3609,50,nat,1
3609,50,proxy,1
3609,52,nat,1
3609,52,proxy,1
3609,53,nat,1
3609,53,firewall,8
3609,53,ids,4
3609,54,nat,2
3609,54,firewall,8
3609,54,wano,2
3609,54,ids,1
3609,55,nat,1
3609,55,firewall,4
3609,55,ids,1
3609,56,nat,2
3609,56,firewall,4
3609,56,ids,1
3609,57,nat,2
3609,57,proxy,1
3609,58,nat,1
3609,58,firewall,8
3609,58,wano,2
3609,58,ids,4
3609,59,nat,2
3609,59,wano,2
3609,60,nat,2
3609,60,firewall,8
3609,60,ids,4
3609,61,nat,1
3609,61,proxy,1
3609,62,nat,1
3609,62,firewall,8
3609,62,ids,4
3609,63,nat,2
3609,63,firewall,4
3609,63,ids,4
3609,64,nat,1
3609,64,proxy,1
3609,65,nat,2
3609,65,firewall,8
3609,65,wano,2
3609,65,ids,1
3609,66,nat,2
3609,66,firewall,4
3609,66,ids,1
3657,48,nat,1
3657,48,firewall,1
3657,48,wano,1
3657,48,ids,1
3657,49,nat,1
3657,49,wano,1
3657,50,nat,2
3657,50,proxy,5
3657,52,nat,1
3657,52,proxy,5
3657,53,nat,5
3657,53,firewall,6
3657,53,ids,2
3657,54,nat,5
3657,54,firewall,6
3657,54,wano,1
3657,54,ids,1
3657,55,nat,5
3657,55,firewall,6
3657,55,ids,1
3657,56,nat,5
3657,56,firewall,6
3657,56,ids,2
3657,57,nat,5
3657,57,proxy,5
3657,58,nat,1
3657,58,firewall,1
3657,58,wano,1
3657,58,ids,2
3657,59,nat,5
3657,59,wano,8
3657,60,nat,5
3657,60,firewall,6
3657,60,ids,1
3657,61,nat,1
3657,61,proxy,5
3657,62,nat,1
3657,62,firewall,1
3657,62,ids,1
3657,63,nat,1
3657,63,firewall,6
3657,63,ids,1
3657,64,nat,1
3657,64,proxy,5
3657,65,nat,1
3657,65,firewall,6
3657,65,wano,8
3657,65,ids,2
3657,66,nat,2
3657,66,firewall,1
3657,66,ids,2
3657,67,nat,1
3657,67,firewall,6
3657,67,ids,2
3704,48,nat,5
3704,48,firewall,1
3704,48,wano,1
3704,48,ids,1
3704,49,nat,2
3704,49,wano,2
3704,50,nat,5
3704,50,proxy,1
3704,53,nat,2
3704,53,firewall,1
3704,53,ids,6
3704,54,nat,2
3704,54,firewall,1
3704,54,wano,1
3704,54,ids,3
3704,55,nat,5
3704,55,firewall,2
3704,55,ids,3
3704,56,nat,2
3704,56,firewall,1
3704,56,ids,6
3704,57,nat,6
3704,57,proxy,1
3704,58,nat,5
3704,58,firewall,1
3704,58,wano,1
3704,58,ids,3
3704,59,nat,2
3704,59,wano,2
3704,60,nat,5
3704,60,firewall,1
3704,60,ids,3
3704,61,nat,2
3704,61,proxy,1
3704,62,nat,2
3704,62,firewall,1
3704,62,ids,6
3704,63,nat,2
3704,63,firewall,2
3704,63,ids,6
3704,64,nat,5
3704,64,proxy,1
3704,65,nat,5
3704,65,firewall,1
3704,65,wano,1
3704,65,ids,1
3704,66,nat,2
3704,66,firewall,2
3704,66,ids,3
3704,67,nat,5
3704,67,firewall,2
3704,67,ids,6
3704,68,nat,5
3704,68,firewall,2
3704,68,ids,1
3803,53,nat,1
3803,53,firewall,7
3803,53,ids,1
3803,54,nat,1
3803,54,firewall,3
3803,54,wano,3
3803,54,ids,1
3803,56,nat,1
3803,56,firewall,3
3803,56,ids,1
3803,57,nat,3
3803,57,proxy,2
3803,58,nat,3
3803,58,firewall,7
3803,58,wano,3
3803,58,ids,1
3803,59,nat,3
3803,59,wano,3
3803,60,nat,3
3803,60,firewall,7
3803,60,ids,1
3803,61,nat,1
3803,61,proxy,2
3803,62,nat,1
3803,62,firewall,7
3803,62,ids,1
3803,63,nat,1
3803,63,firewall,3
3803,63,ids,1
3803,64,nat,3
3803,64,proxy,2
3803,65,nat,3
3803,65,firewall,7
3803,65,wano,3
3803,65,ids,1
3803,66,nat,3
3803,66,firewall,7
3803,66,ids,1
3803,67,nat,3
3803,67,firewall,7
3803,67,ids,1
3803,68,nat,3
3803,68,firewall,7
3803,68,ids,1
3803,69,nat,1
3803,69,firewall,7
3803,69,ids,1
3853,53,nat,2
3853,53,firewall,1
3853,53,ids,7
3853,54,nat,2
3853,54,firewall,1
3853,54,wano,1
3853,54,ids,5
3853,56,nat,1
3853,56,firewall,1
3853,56,ids,5
3853,57,nat,2
3853,57,proxy,1
3853,58,nat,2
3853,58,firewall,1
3853,58,wano,1
3853,58,ids,1
3853,59,nat,1
3853,59,wano,1
3853,60,nat,1
3853,60,firewall,3
3853,60,ids,1
3853,61,nat,2
3853,61,proxy,1
3853,62,nat,1
3853,62,firewall,1
3853,62,ids,7
3853,63,nat,1
3853,63,firewall,3
3853,63,ids,5
3853,64,nat,1
3853,64,proxy,1
3853,65,nat,1
3853,65,firewall,1
3853,65,wano,1
3853,65,ids,1
3853,66,nat,2
3853,66,firewall,3
3853,66,ids,5
3853,67,nat,1
3853,67,firewall,1
3853,67,ids,1
3853,68,nat,2
3853,68,firewall,1
3853,68,ids,1
3853,69,nat,1
3853,69,firewall,1
3853,69,ids,1
3853,70,nat,2
3853,70,firewall,3
3853,70,ids,5
3899,53,nat,8
3899,53,firewall,4
3899,53,ids,3
3899,54,nat,1
3899,54,firewall,1
3899,54,wano,1
3899,54,ids,2
3899,56,nat,1
3899,56,firewall,1
3899,56,ids,3
3899,57,nat,8
3899,57,proxy,1
3899,58,nat,1
3899,58,firewall,1
3899,58,wano,1
3899,58,ids,8
3899,59,nat,8
3899,59,wano,1
3899,60,nat,1
3899,60,firewall,1
3899,60,ids,3
3899,61,nat,1
3899,61,proxy,1
3899,62,nat,1
3899,62,firewall,4
3899,62,ids,8
3899,63,nat,8
3899,63,firewall,4
3899,63,ids,2
3899,64,nat,8
3899,64,proxy,1
3899,65,nat,8
3899,65,firewall,1
3899,65,wano,8
3899,65,ids,8
3899,66,nat,8
3899,66,firewall,1
3899,66,ids,3
3899,67,nat,8
3899,67,firewall,1
3899,67,ids,8
3899,68,nat,8
3899,68,firewall,4
3899,68,ids,3
3899,69,nat,1
3899,69,firewall,4
3899,69,ids,8
3899,70,nat,1
3899,70,firewall,1
3899,70,ids,8
3899,71,nat,1
3899,71,firewall,1
3899,71,wano,1
3899,71,ids,2
3902,53,nat,6
3902,53,firewall,6
3902,53,ids,8
3902,54,nat,1
3902,54,firewall,6
3902,54,wano,1
3902,54,ids,8
3902,56,nat,6
3902,56,firewall,6
3902,56,ids,1
3902,57,nat,4
3902,57,proxy,4
3902,58,nat,1
3902,58,firewall,1
3902,58,wano,1
3902,58,ids,1
3902,59,nat,6
3902,59,wano,2
3902,60,nat,4
3902,60,firewall,1
3902,60,ids,6
3902,61,nat,4
3902,61,proxy,4
3902,62,nat,6
3902,62,firewall,1
3902,62,ids,1
3902,63,nat,1
3902,63,firewall,1
3902,63,ids,8
3902,64,nat,6
3902,64,proxy,4
3902,65,nat,6
3902,65,firewall,1
3902,65,wano,1
3902,65,ids,6
3902,66,nat,4
3902,66,firewall,6
3902,66,ids,8
3902,67,nat,6
3902,67,firewall,1
3902,67,ids,6
3902,68,nat,1
3902,68,firewall,1
3902,68,ids,6
3902,69,nat,1
3902,69,firewall,1
3902,69,ids,1
3902,70,nat,1
3902,70,firewall,1
3902,70,ids,1
3902,71,nat,1
3902,71,firewall,6
3902,71,wano,1
3902,71,ids,8
3902,72,nat,6
3902,72,firewall,6
3902,72,ids,6
3910,53,nat,1
3910,53,firewall,1
3910,53,ids,1
3910,56,nat,1
3910,56,firewall,2
3910,56,ids,5
3910,57,nat,1
3910,57,proxy,2
3910,58,nat,1
3910,58,firewall,2
3910,58,wano,5
3910,58,ids,3
3910,59,nat,1
3910,59,wano,5
3910,60,nat,1
3910,60,firewall,1
3910,60,ids,5
3910,61,nat,1
3910,61,proxy,2
3910,62,nat,1
3910,62,firewall,2
3910,62,ids,1
3910,63,nat,1
3910,63,firewall,1
3910,63,ids,5
3910,64,nat,1
3910,64,proxy,2
3910,65,nat,1
3910,65,firewall,2
3910,65,wano,5
3910,65,ids,5
3910,66,nat,1
3910,66,firewall,1
3910,66,ids,1
3910,67,nat,1
3910,67,firewall,2
3910,67,ids,3
3910,68,nat,1
3910,68,firewall,1
3910,68,ids,1
3910,69,nat,1
3910,69,firewall,1
3910,69,ids,3
3910,70,nat,1
3910,70,firewall,2
3910,70,ids,1
3910,71,nat,1
3910,71,firewall,2
3910,71,wano,5
3910,71,ids,5
3910,72,nat,1
3910,72,firewall,1
3910,72,ids,1
3910,73,nat,1
3910,73,proxy,2
3953,53,nat,7
3953,53,firewall,1
3953,53,ids,1
3953,56,nat,1
3953,56,firewall,4
3953,56,ids,6
3953,57,nat,7
3953,57,proxy,8
3953,58,nat,4
3953,58,firewall,1
3953,58,wano,4
3953,58,ids,8
3953,59,nat,4
3953,59,wano,4
3953,60,nat,7
3953,60,firewall,4
3953,60,ids,1
3953,61,nat,4
3953,61,proxy,8
3953,62,nat,7
3953,62,firewall,4
3953,62,ids,6
3953,63,nat,4
3953,63,firewall,1
3953,63,ids,8
3953,64,nat,4
3953,64,proxy,8
3953,65,nat,1
3953,65,firewall,1
3953,65,wano,4
3953,65,ids,8
3953,66,nat,7
3953,66,firewall,4
3953,66,ids,6
3953,67,nat,4
3953,67,firewall,4
3953,67,ids,8
3953,68,nat,4
3953,68,firewall,4
3953,68,ids,8
3953,69,nat,7
3953,69,firewall,1
3953,69,ids,1
3953,70,nat,1
3953,70,firewall,1
3953,70,ids,6
3953,71,nat,7
3953,71,firewall,4
3953,71,wano,4
3953,71,ids,8
3953,72,nat,7
3953,72,firewall,1
3953,72,ids,8
3953,73,nat,4
3953,73,proxy,8
3953,74,nat,4
3953,74,firewall,1
3953,74,ids,1
4002,56,nat,1
4002,56,firewall,1
4002,56,ids,6
4002,57,nat,1
4002,57,proxy,5
4002,58,nat,7
4002,58,firewall,1
4002,58,wano,5
4002,58,ids,7
4002,59,nat,7
4002,59,wano,5
4002,60,nat,1
4002,60,firewall,8
4002,60,ids,7
4002,61,nat,1
4002,61,proxy,5
4002,62,nat,2
4002,62,firewall,1
4002,62,ids,7
4002,63,nat,2
4002,63,firewall,8
4002,63,ids,6
4002,64,nat,2
4002,64,proxy,5
4002,65,nat,1
4002,65,firewall,1
4002,65,wano,5
4002,65,ids,5
4002,66,nat,7
4002,66,firewall,8
4002,66,ids,6
4002,67,nat,2
4002,67,firewall,1
4002,67,ids,7
4002,68,nat,1
4002,68,firewall,1
4002,68,ids,5
4002,69,nat,1
4002,69,firewall,1
4002,69,ids,6
4002,70,nat,1
4002,70,firewall,8
4002,70,ids,7
4002,71,nat,1
4002,71,firewall,8
4002,71,wano,5
4002,71,ids,5
4002,72,nat,7
4002,72,firewall,1
4002,72,ids,6
4002,73,nat,2
4002,73,proxy,5
4002,74,nat,2
4002,74,firewall,1
4002,74,ids,6
4002,75,nat,2
4002,75,firewall,1
4002,75,ids,7
4052,56,nat,1
4052,56,firewall,1
4052,56,ids,8
4052,57,nat,3
4052,57,proxy,1
4052,58,nat,4
4052,58,firewall,1
4052,58,wano,6
4052,58,ids,6
4052,59,nat,4
4052,59,wano,6
4052,60,nat,1
4052,60,firewall,7
4052,60,ids,6
4052,61,nat,3
4052,61,proxy,1
4052,62,nat,1
4052,62,firewall,1
4052,62,ids,6
4052,63,nat,3
4052,63,firewall,7
4052,63,ids,6
4052,64,nat,1
4052,64,proxy,1
4052,65,nat,1
4052,65,firewall,7
4052,65,wano,6
4052,65,ids,6
4052,66,nat,1
4052,66,firewall,1
4052,66,ids,6
4052,67,nat,1
4052,67,firewall,1
4052,67,ids,6
4052,68,nat,3
4052,68,firewall,7
4052,68,ids,8
4052,69,nat,3
4052,69,firewall,7
4052,69,ids,6
4052,70,nat,1
4052,70,firewall,7
4052,70,ids,6
4052,71,nat,3
4052,71,firewall,7
4052,71,wano,6
4052,71,ids,8
4052,72,nat,3
4052,72,firewall,1
4052,72,ids,6
4052,73,nat,3
4052,73,proxy,1
4052,74,nat,4
4052,74,firewall,1
4052,74,ids,6
4052,75,nat,3
4052,75,firewall,1
4052,75,ids,6
4052,76,nat,4
4052,76,firewall,7
4052,76,ids,8
4105,56,nat,2
4105,56,firewall,7
4105,56,ids,4
4105,57,nat,2
4105,57,proxy,8
4105,58,nat,2
4105,58,firewall,2
4105,58,wano,4
4105,58,ids,1
4105,59,nat,2
4105,59,wano,4
4105,60,nat,2
4105,60,firewall,2
4105,60,ids,4
4105,61,nat,2
4105,61,proxy,8
4105,62,nat,2
4105,62,firewall,7
4105,62,ids,1
4105,63,nat,2
4105,63,firewall,7
4105,63,ids,2
4105,64,nat,5
4105,64,proxy,8
4105,65,nat,5
4105,65,firewall,7
4105,65,wano,4
4105,65,ids,4
4105,66,nat,2
4105,66,firewall,2
4105,66,ids,1
4105,67,nat,5
4105,67,firewall,2
4105,67,ids,2
4105,68,nat,2
4105,68,firewall,2
4105,68,ids,1
4105,69,nat,2
4105,69,firewall,2
4105,69,ids,4
4105,70,nat,2
4105,70,firewall,2
4105,70,ids,2
4105,71,nat,5
4105,71,firewall,7
4105,71,wano,4
4105,71,ids,2
4105,72,nat,5
4105,72,firewall,7
4105,72,ids,1
4105,73,nat,5
4105,73,proxy,8
4105,74,nat,5
4105,74,firewall,2
4105,74,ids,4
4105,75,nat,5
4105,75,firewall,7
4105,75,ids,2
4105,76,nat,5
4105,76,firewall,7
4105,76,ids,4
4105,77,nat,5
4105,77,firewall,7
4105,77,ids,2
4201,57,nat,1
4201,57,proxy,7
4201,58,nat,7
4201,58,firewall,8
4201,58,wano,6
4201,58,ids,1
4201,59,nat,4
4201,59,wano,6
4201,60,nat,1
4201,60,firewall,1
4201,60,ids,5
4201,61,nat,1
4201,61,proxy,7
4201,62,nat,4
4201,62,firewall,8
4201,62,ids,8
4201,63,nat,1
4201,63,firewall,1
4201,63,ids,1
4201,64,nat,7
4201,64,proxy,7
4201,65,nat,7
4201,65,firewall,1
4201,65,wano,6
4201,65,ids,5
4201,66,nat,1
4201,66,firewall,1
4201,66,ids,8
4201,67,nat,7
4201,67,firewall,8
4201,67,ids,1
4201,68,nat,4
4201,68,firewall,8
4201,68,ids,1
4201,69,nat,4
4201,69,firewall,1
4201,69,ids,1
4201,70,nat,7
4201,70,firewall,1
4201,70,ids,1
4201,71,nat,4
4201,71,firewall,8
4201,71,wano,6
4201,71,ids,5
4201,72,nat,4
4201,72,firewall,1
4201,72,ids,8
4201,73,nat,1
4201,73,proxy,7
4201,74,nat,1
4201,74,firewall,1
4201,74,ids,1
4201,75,nat,4
4201,75,firewall,8
4201,75,ids,8
4201,76,nat,1
4201,76,firewall,8
4201,76,ids,8
4201,77,nat,1
4201,77,firewall,8
4201,77,ids,5
4201,78,nat,7
4201,78,firewall,8
4201,78,ids,8
4203,57,nat,4
4203,57,proxy,3
4203,58,nat,4
4203,58,firewall,6
4203,58,wano,4
4203,58,ids,5
4203,59,nat,8
4203,59,wano,4
4203,60,nat,8
4203,60,firewall,6
4203,60,ids,4
4203,61,nat,4
4203,61,proxy,3
4203,62,nat,8
4203,62,firewall,6
4203,62,ids,5
4203,63,nat,8
4203,63,firewall,4
4203,63,ids,8
4203,64,nat,1
4203,64,proxy,3
4203,65,nat,1
4203,65,firewall,6
4203,65,wano,6
4203,65,ids,8
4203,66,nat,1
4203,66,firewall,4
4203,66,ids,4
4203,67,nat,8
4203,67,firewall,4
4203,67,ids,8
4203,68,nat,8
4203,68,firewall,6
4203,68,ids,5
4203,69,nat,8
4203,69,firewall,6
4203,69,ids,5
4203,70,nat,8
4203,70,firewall,6
4203,70,ids,5
4203,71,nat,1
4203,71,firewall,4
4203,71,wano,6
4203,71,ids,8
4203,72,nat,8
4203,72,firewall,6
4203,72,ids,4
4203,73,nat,1
4203,73,proxy,3
4203,74,nat,4
4203,74,firewall,4
4203,74,ids,8
4203,75,nat,4
4203,75,firewall,4
4203,75,ids,5
4203,76,nat,4
4203,76,firewall,4
4203,76,ids,8
4203,77,nat,1
4203,77,firewall,4
4203,77,ids,8
4203,78,nat,4
4203,78,firewall,4
4203,78,ids,4
4203,79,nat,4
4203,79,firewall,4
4203,79,wano,4
4203,79,ids,4
4210,57,nat,7
4210,57,proxy,8
4210,58,nat,7
4210,58,firewall,4
4210,58,wano,2
4210,58,ids,1
4210,59,nat,2
4210,59,wano,2
4210,60,nat,7
4210,60,firewall,3
4210,60,ids,1
4210,61,nat,7
4210,61,proxy,8
4210,62,nat,1
4210,62,firewall,3
4210,62,ids,8
4210,63,nat,1
4210,63,firewall,4
4210,63,ids,6
4210,64,nat,1
4210,64,proxy,8
4210,65,nat,7
4210,65,firewall,4
4210,65,wano,2
4210,65,ids,8
4210,66,nat,2
4210,66,firewall,3
4210,66,ids,1
4210,67,nat,7
4210,67,firewall,3
4210,67,ids,6
4210,68,nat,7
4210,68,firewall,4
4210,68,ids,6
4210,69,nat,1
4210,69,firewall,4
4210,69,ids,1
4210,70,nat,2
4210,70,firewall,4
4210,70,ids,6
4210,71,nat,1
4210,71,firewall,3
4210,71,wano,4
4210,71,ids,8
4210,72,nat,2
4210,72,firewall,3
4210,72,ids,8
4210,73,nat,1
4210,73,proxy,8
4210,74,nat,7
4210,74,firewall,4
4210,74,ids,8
4210,75,nat,2
4210,75,firewall,4
4210,75,ids,8
4210,76,nat,1
4210,76,firewall,3
4210,76,ids,1
4210,77,nat,7
4210,77,firewall,4
4210,77,ids,6
4210,78,nat,7
4210,78,firewall,4
4210,78,ids,6
4210,79,nat,1
4210,79,firewall,3
4210,79,wano,4
4210,79,ids,8
4210,80,nat,1
4210,80,proxy,8
4250,57,nat,5
4250,57,proxy,4
4250,58,nat,8
4250,58,firewall,8
4250,58,wano,4
4250,58,ids,4
4250,60,nat,6
4250,60,firewall,8
4250,60,ids,2
4250,62,nat,8
4250,62,firewall,1
4250,62,ids,2
4250,63,nat,8
4250,63,firewall,1
4250,63,ids,4
4250,64,nat,6
4250,64,proxy,4
4250,65,nat,8
4250,65,firewall,8
4250,65,wano,4
4250,65,ids,2
4250,66,nat,6
4250,66,firewall,8
4250,66,ids,6
4250,67,nat,8
4250,67,firewall,8
4250,67,ids,2
4250,68,nat,5
4250,68,firewall,8
4250,68,ids,2
4250,69,nat,5
4250,69,firewall,1
4250,69,ids,6
4250,70,nat,8
4250,70,firewall,8
4250,70,ids,2
4250,71,nat,8
4250,71,firewall,8
4250,71,wano,4
4250,71,ids,4
4250,72,nat,6
4250,72,firewall,1
4250,72,ids,6
4250,73,nat,6
4250,73,proxy,4
4250,74,nat,8
4250,74,firewall,1
4250,74,ids,4
4250,75,nat,8
4250,75,firewall,8
4250,75,ids,2
4250,76,nat,6
4250,76,firewall,1
4250,76,ids,6
4250,77,nat,6
4250,77,firewall,1
4250,77,ids,6
4250,78,nat,5
4250,78,firewall,1
4250,78,ids,4
4250,79,nat,8
4250,79,firewall,1
4250,79,wano,4
4250,79,ids,4
4250,80,nat,6
4250,80,proxy,4
4250,81,nat,8
4250,81,firewall,8
4250,81,ids,4
4304,60,nat,8
4304,60,firewall,6
4304,60,ids,2
4304,62,nat,2
4304,62,firewall,8
4304,62,ids,8
4304,63,nat,2
4304,63,firewall,8
4304,63,ids,2
4304,64,nat,8
4304,64,proxy,2
4304,65,nat,4
4304,65,firewall,8
4304,65,wano,4
4304,65,ids,8
4304,66,nat,4
4304,66,firewall,8
4304,66,ids,2
4304,67,nat,4
4304,67,firewall,8
4304,67,ids,2
4304,68,nat,2
4304,68,firewall,6
4304,68,ids,2
4304,69,nat,2
4304,69,firewall,6
4304,69,ids,2
4304,70,nat,8
4304,70,firewall,8
4304,70,ids,2
4304,71,nat,8
4304,71,firewall,6
4304,71,wano,4
4304,71,ids,2
4304,72,nat,2
4304,72,firewall,8
4304,72,ids,8
4304,73,nat,2
4304,73,proxy,2
4304,74,nat,4
4304,74,firewall,8
4304,74,ids,2
4304,75,nat,8
4304,75,firewall,6
4304,75,ids,2
4304,76,nat,4
4304,76,firewall,6
4304,76,ids,8
4304,77,nat,4
4304,77,firewall,8
4304,77,ids,8
4304,78,nat,2
4304,78,firewall,6
4304,78,ids,2
4304,79,nat,8
4304,79,firewall,8
4304,79,wano,4
4304,79,ids,2
4304,80,nat,2
4304,80,proxy,2
4304,81,nat,8
4304,81,firewall,6
4304,81,ids,2
4304,82,nat,2
4304,82,firewall,6
4304,82,ids,8
4363,60,nat,2
4363,60,firewall,6
4363,60,ids,1
4363,62,nat,1
4363,62,firewall,8
4363,62,ids,1
4363,63,nat,2
4363,63,firewall,6
4363,63,ids,1
4363,64,nat,2
4363,64,proxy,5
4363,65,nat,1
4363,65,firewall,6
4363,65,wano,3
4363,65,ids,1
4363,66,nat,1
4363,66,firewall,6
4363,66,ids,1
4363,67,nat,2
4363,67,firewall,8
4363,67,ids,1
4363,68,nat,2
4363,68,firewall,8
4363,68,ids,1
4363,69,nat,1
4363,69,firewall,8
4363,69,ids,8
4363,70,nat,2
4363,70,firewall,8
4363,70,ids,8
4363,71,nat,1
4363,71,firewall,8
4363,71,wano,3
4363,71,ids,1
4363,72,nat,2
4363,72,firewall,6
4363,72,ids,8
4363,73,nat,1
4363,73,proxy,5
4363,74,nat,1
4363,74,firewall,6
4363,74,ids,8
4363,75,nat,1
4363,75,firewall,8
4363,75,ids,1
4363,76,nat,3
4363,76,firewall,6
4363,76,ids,8
4363,77,nat,2
4363,77,firewall,8
4363,77,ids,1
4363,78,nat,3
4363,78,firewall,6
4363,78,ids,1
4363,79,nat,2
4363,79,firewall,8
4363,79,wano,3
4363,79,ids,1
4363,80,nat,1
4363,80,proxy,5
4363,81,nat,3
4363,81,firewall,8
4363,81,ids,1
4363,82,nat,3
4363,82,firewall,6
4363,82,ids,8
4363,83,nat,3
4363,83,proxy,5
4405,62,nat,1
4405,62,firewall,8
4405,62,ids,5
4405,63,nat,3
4405,63,firewall,5
4405,63,ids,4
4405,64,nat,1
4405,64,proxy,5
4405,65,nat,1
4405,65,firewall,5
4405,65,wano,5
4405,65,ids,5
4405,66,nat,1
4405,66,firewall,5
4405,66,ids,3
4405,67,nat,1
4405,67,firewall,5
4405,67,ids,3
4405,68,nat,1
4405,68,firewall,8
4405,68,ids,4
4405,69,nat,3
4405,69,firewall,8
4405,69,ids,4
4405,70,nat,3
4405,70,firewall,8
4405,70,ids,5
4405,71,nat,1
4405,71,firewall,8
4405,71,wano,5
4405,71,ids,4
4405,72,nat,1
4405,72,firewall,5
4405,72,ids,3
4405,73,nat,3
4405,73,proxy,5
4405,74,nat,1
4405,74,firewall,8
4405,74,ids,4
4405,75,nat,1
4405,75,firewall,8
4405,75,ids,4
4405,76,nat,3
4405,76,firewall,5
4405,76,ids,5
4405,77,nat,3
4405,77,firewall,8
4405,77,ids,5
4405,78,nat,1
4405,78,firewall,5
4405,78,ids,3
4405,79,nat,1
4405,79,firewall,8
4405,79,wano,5
4405,79,ids,4
4405,80,nat,1
4405,80,proxy,5
4405,81,nat,1
4405,81,firewall,5
4405,81,ids,3
4405,82,nat,1
4405,82,firewall,5
4405,82,ids,5
4405,83,nat,1
4405,83,proxy,5
4405,84,nat,3
4405,84,firewall,8
4405,84,ids,3
4499,64,nat,8
4499,64,proxy,8
4499,65,nat,8
4499,65,firewall,8
4499,65,wano,8
4499,65,ids,5
4499,66,nat,2
4499,66,firewall,1
4499,66,ids,1
4499,67,nat,8
4499,67,firewall,8
4499,67,ids,1
4499,68,nat,2
4499,68,firewall,8
4499,68,ids,1
4499,69,nat,8
4499,69,firewall,1
4499,69,ids,1
4499,70,nat,8
4499,70,firewall,8
4499,70,ids,1
4499,71,nat,2
4499,71,firewall,8
4499,71,wano,8
4499,71,ids,5
4499,72,nat,8
4499,72,firewall,8
4499,72,ids,5
4499,73,nat,8
4499,73,proxy,8
4499,74,nat,2
4499,74,firewall,1
4499,74,ids,5
4499,75,nat,2
4499,75,firewall,8
4499,75,ids,1
4499,76,nat,8
4499,76,firewall,1
4499,76,ids,1
4499,77,nat,8
4499,77,firewall,1
4499,77,ids,1
4499,78,nat,2
4499,78,firewall,1
4499,78,ids,1
4499,79,nat,2
4499,79,firewall,8
4499,79,wano,8
4499,79,ids,1
4499,80,nat,2
4499,80,proxy,8
4499,81,nat,8
4499,81,firewall,8
4499,81,ids,1
4499,82,nat,8
4499,82,firewall,1
4499,82,ids,5
4499,83,nat,8
4499,83,proxy,8
4499,84,nat,8
4499,84,firewall,8
4499,84,ids,5
4499,85,nat,8
4499,85,wano,8
4512,64,nat,7
4512,64,proxy,3
4512,65,nat,7
4512,65,firewall,3
4512,65,wano,8
4512,65,ids,5
4512,66,nat,4
4512,66,firewall,3
4512,66,ids,5
4512,67,nat,7
4512,67,firewall,3
4512,67,ids,6
4512,68,nat,4
4512,68,firewall,6
4512,68,ids,6
4512,69,nat,2
4512,69,firewall,6
4512,69,ids,5
4512,70,nat,7
4512,70,firewall,6
4512,70,ids,5
4512,71,nat,4
4512,71,firewall,3
4512,71,wano,8
4512,71,ids,5
4512,72,nat,7
4512,72,firewall,6
4512,72,ids,7
4512,73,nat,4
4512,73,proxy,3
4512,74,nat,7
4512,74,firewall,6
4512,74,ids,6
4512,75,nat,7
4512,75,firewall,3
4512,75,ids,6
4512,76,nat,7
4512,76,firewall,6
4512,76,ids,7
4512,77,nat,4
4512,77,firewall,3
4512,77,ids,6
4512,78,nat,2
4512,78,firewall,3
4512,78,ids,7
4512,79,nat,4
4512,79,firewall,6
4512,79,wano,8
4512,79,ids,5
4512,80,nat,4
4512,80,proxy,3
4512,81,nat,2
4512,81,firewall,3
4512,81,ids,7
4512,82,nat,7
4512,82,firewall,6
4512,82,ids,7
4512,83,nat,2
4512,83,proxy,3
4512,84,nat,4
4512,84,firewall,3
4512,84,ids,6
4512,85,nat,7
4512,85,wano,8
4512,86,nat,4
4512,86,proxy,3
4560,65,nat,6
4560,65,firewall,3
4560,65,wano,2
4560,65,ids,8
4560,66,nat,2
4560,66,firewall,3
4560,66,ids,7
4560,67,nat,6
4560,67,firewall,3
4560,67,ids,8
4560,68,nat,6
4560,68,firewall,3
4560,68,ids,7
4560,69,nat,6
4560,69,firewall,3
4560,69,ids,1
4560,70,nat,2
4560,70,firewall,3
4560,70,ids,8
4560,71,nat,6
4560,71,firewall,3
4560,71,wano,2
4560,71,ids,1
4560,72,nat,2
4560,72,firewall,3
4560,72,ids,1
4560,73,nat,6
4560,73,proxy,5
4560,74,nat,6
4560,74,firewall,3
4560,74,ids,7
4560,75,nat,2
4560,75,firewall,3
4560,75,ids,8
4560,76,nat,2
4560,76,firewall,3
4560,76,ids,7
4560,77,nat,6
4560,77,firewall,3
4560,77,ids,1
4560,78,nat,2
4560,78,firewall,3
4560,78,ids,7
4560,79,nat,6
4560,79,firewall,3
4560,79,wano,2
4560,79,ids,8
4560,80,nat,2
4560,80,proxy,5
4560,81,nat,2
4560,81,firewall,3
4560,81,ids,7
4560,82,nat,2
4560,82,firewall,3
4560,82,ids,8
4560,83,nat,6
4560,83,proxy,5
4560,84,nat,2
4560,84,firewall,3
4560,84,ids,1
4560,85,nat,2
4560,85,wano,2
4560,86,nat,2
4560,86,proxy,5
4560,87,nat,2
4560,87,firewall,3
4560,87,ids,8
4611,65,nat,1
4611,65,firewall,3
4611,65,wano,4
4611,65,ids,3
4611,66,nat,3
4611,66,firewall,5
4611,66,ids,5
4611,67,nat,3
4611,67,firewall,3
4611,67,ids,5
4611,68,nat,1
4611,68,firewall,5
4611,68,ids,6
4611,69,nat,3
4611,69,firewall,5
4611,69,ids,5
4611,70,nat,1
4611,70,firewall,3
4611,70,ids,3
4611,71,nat,1
4611,71,firewall,5
4611,71,wano,4
4611,71,ids,3
4611,72,nat,3
4611,72,firewall,3
4611,72,ids,6
4611,73,nat,8
4611,73,proxy,6
4611,74,nat,3
4611,74,firewall,3
4611,74,ids,3
4611,75,nat,3
4611,75,firewall,5
4611,75,ids,3
4611,76,nat,3
4611,76,firewall,5
4611,76,ids,3
4611,77,nat,1
4611,77,firewall,3
4611,77,ids,6
4611,78,nat,3
4611,78,firewall,3
4611,78,ids,5
4611,79,nat,1
4611,79,firewall,5
4611,79,wano,4
4611,79,ids,5
4611,80,nat,1
4611,80,proxy,6
4611,81,nat,8
4611,81,firewall,3
4611,81,ids,5
4611,82,nat,1
4611,82,firewall,3
4611,82,ids,6
4611,83,nat,8
4611,83,proxy,6
4611,84,nat,8
4611,84,firewall,5
4611,84,ids,6
4611,85,nat,1
4611,85,wano,4
4611,86,nat,8
4611,86,proxy,6
4611,87,nat,3
4611,87,firewall,5
4611,87,ids,6
4611,88,nat,8
4611,88,firewall,3
4611,88,ids,3
4660,66,nat,1
4660,66,firewall,1
4660,66,ids,8
4660,67,nat,4
4660,67,firewall,1
4660,67,ids,4
4660,68,nat,1
4660,68,firewall,1
4660,68,ids,1
4660,69,nat,4
4660,69,firewall,3
4660,69,ids,4
4660,70,nat,3
4660,70,firewall,3
4660,70,ids,8
4660,71,nat,4
4660,71,firewall,1
4660,71,wano,3
4660,71,ids,8
4660,73,nat,4
4660,73,proxy,4
4660,74,nat,3
4660,74,firewall,1
4660,74,ids,1
4660,75,nat,1
4660,75,firewall,3
4660,75,ids,4
4660,76,nat,4
4660,76,firewall,1
4660,76,ids,1
4660,77,nat,1
4660,77,firewall,3
4660,77,ids,4
4660,78,nat,4
4660,78,firewall,1
4660,78,ids,8
4660,79,nat,1
4660,79,firewall,3
4660,79,wano,3
4660,79,ids,8
4660,80,nat,1
4660,80,proxy,4
4660,81,nat,4
4660,81,firewall,3
4660,81,ids,4
4660,82,nat,3
4660,82,firewall,1
4660,82,ids,1
4660,83,nat,1
4660,83,proxy,4
4660,84,nat,1
4660,84,firewall,3
4660,84,ids,1
4660,85,nat,4
4660,85,wano,3
4660,86,nat,3
4660,86,proxy,4
4660,87,nat,3
4660,87,firewall,1
4660,87,ids,1
4660,88,nat,4
4660,88,firewall,3
4660,88,ids,8
4660,89,nat,3
4660,89,proxy,4
4662,66,nat,1
4662,66,firewall,7
4662,66,ids,3
4662,67,nat,5
4662,67,firewall,5
4662,67,ids,2
4662,68,nat,5
4662,68,firewall,5
4662,68,ids,2
4662,69,nat,5
4662,69,firewall,7
4662,69,ids,5
4662,70,nat,1
4662,70,firewall,7
4662,70,ids,2
4662,71,nat,2
4662,71,firewall,7
4662,71,wano,4
4662,71,ids,5
4662,73,nat,2
4662,73,proxy,3
4662,74,nat,1
4662,74,firewall,7
4662,74,ids,2
4662,75,nat,1
4662,75,firewall,5
4662,75,ids,2
4662,76,nat,5
4662,76,firewall,7
4662,76,ids,5
4662,77,nat,5
4662,77,firewall,5
4662,77,ids,5
4662,78,nat,2
4662,78,firewall,7
4662,78,ids,3
4662,79,nat,2
4662,79,firewall,5
4662,79,wano,4
4662,79,ids,2
4662,80,nat,1
4662,80,proxy,3
4662,81,nat,1
4662,81,firewall,5
4662,81,ids,5
4662,82,nat,1
4662,82,firewall,5
4662,82,ids,5
4662,83,nat,1
4662,83,proxy,3
4662,84,nat,2
4662,84,firewall,5
4662,84,ids,3
4662,85,nat,1
4662,85,wano,4
4662,86,nat,2
4662,86,proxy,3
4662,87,nat,2
4662,87,firewall,7
4662,87,ids,2
4662,88,nat,5
4662,88,firewall,5
4662,88,ids,3
4662,89,nat,2
4662,89,proxy,3
4662,90,nat,5
4662,90,firewall,7
4662,90,ids,3
4759,66,nat,1
4759,66,firewall,3
4759,66,ids,7
4759,67,nat,2
4759,67,firewall,3
4759,67,ids,1
4759,68,nat,2
4759,68,firewall,3
4759,68,ids,1
4759,70,nat,1
4759,70,firewall,5
4759,70,ids,7
4759,71,nat,6
4759,71,firewall,5
4759,71,wano,8
4759,71,ids,7
4759,75,nat,1
4759,75,firewall,5
4759,75,ids,1
4759,76,nat,6
4759,76,firewall,5
4759,76,ids,7
4759,77,nat,1
4759,77,firewall,5
4759,77,ids,7
4759,78,nat,6
4759,78,firewall,5
4759,78,ids,1
4759,79,nat,6
4759,79,firewall,3
4759,79,wano,8
4759,79,ids,7
4759,80,nat,1
4759,80,proxy,4
4759,81,nat,1
4759,81,firewall,3
4759,81,ids,7
4759,82,nat,1
4759,82,firewall,5
4759,82,ids,7
4759,83,nat,6
4759,83,proxy,4
4759,84,nat,2
4759,84,firewall,3
4759,84,ids,1
4759,85,nat,2
4759,85,wano,8
4759,86,nat,6
4759,86,proxy,4
4759,87,nat,2
4759,87,firewall,3
4759,87,ids,7
4759,88,nat,1
4759,88,firewall,5
4759,88,ids,7
4759,89,nat,6
4759,89,proxy,4
4759,90,nat,1
4759,90,firewall,3
4759,90,ids,7
4759,91,nat,6
4759,91,firewall,5
4759,91,ids,1
4799,66,nat,1
4799,66,firewall,8
4799,66,ids,3
4799,67,nat,1
4799,67,firewall,1
4799,67,ids,7
4799,68,nat,3
4799,68,firewall,8
4799,68,ids,6
4799,70,nat,7
4799,70,firewall,8
4799,70,ids,7
4799,71,nat,1
4799,71,firewall,8
4799,71,wano,2
4799,71,ids,7
4799,75,nat,1
4799,75,firewall,8
4799,75,ids,7
4799,76,nat,7
4799,76,firewall,1
4799,76,ids,3
4799,77,nat,7
4799,77,firewall,8
4799,77,ids,6
4799,78,nat,1
4799,78,firewall,1
4799,78,ids,6
4799,79,nat,3
4799,79,firewall,1
4799,79,wano,2
4799,79,ids,7
4799,80,nat,1
4799,80,proxy,3
4799,81,nat,1
4799,81,firewall,1
4799,81,ids,3
4799,82,nat,3
4799,82,firewall,8
4799,82,ids,3
4799,83,nat,3
4799,83,proxy,3
4799,84,nat,1
4799,84,firewall,8
4799,84,ids,7
4799,85,nat,1
4799,85,wano,2
4799,86,nat,3
4799,86,proxy,3
4799,87,nat,3
4799,87,firewall,8
4799,87,ids,7
4799,88,nat,7
4799,88,firewall,1
4799,88,ids,6
4799,89,nat,3
4799,89,proxy,3
4799,90,nat,7
4799,90,firewall,1
4799,90,ids,3
4799,91,nat,7
4799,91,firewall,1
4799,91,ids,6
4799,92,nat,3
4799,92,wano,2
4807,66,nat,1
4807,66,firewall,3
4807,66,ids,1
4807,67,nat,2
4807,67,firewall,3
4807,67,ids,2
4807,68,nat,1
4807,68,firewall,1
4807,68,ids,7
4807,70,nat,8
4807,70,firewall,3
4807,70,ids,7
4807,71,nat,8
4807,71,firewall,3
4807,71,wano,4
4807,71,ids,2
4807,75,nat,8
4807,75,firewall,3
4807,75,ids,2
4807,76,nat,1
4807,76,firewall,1
4807,76,ids,1
4807,77,nat,1
4807,77,firewall,1
4807,77,ids,2
4807,78,nat,1
4807,78,firewall,1
4807,78,ids,1
4807,79,nat,8
4807,79,firewall,1
4807,79,wano,4
4807,79,ids,2
4807,80,nat,1
4807,80,proxy,8
4807,81,nat,8
4807,81,firewall,3
4807,81,ids,7
4807,82,nat,1
4807,82,firewall,3
4807,82,ids,1
4807,83,nat,1
4807,83,proxy,8
4807,84,nat,2
4807,84,firewall,1
4807,84,ids,2
4807,85,nat,2
4807,85,wano,4
4807,86,nat,8
4807,86,proxy,8
4807,87,nat,8
4807,87,firewall,3
4807,87,ids,1
4807,88,nat,8
4807,88,firewall,3
4807,88,ids,7
4807,89,nat,2
4807,89,proxy,8
4807,90,nat,2
4807,90,firewall,1
4807,90,ids,7
4807,91,nat,2
4807,91,firewall,1
4807,91,ids,7
4807,92,nat,8
4807,92,wano,4
4807,93,nat,8
4807,93,firewall,3
4807,93,ids,2
4954,71,nat,8
4954,71,firewall,6
4954,71,wano,6
4954,71,ids,2
4954,75,nat,7
4954,75,firewall,6
4954,75,ids,7
4954,76,nat,1
4954,76,firewall,6
4954,76,ids,1
4954,77,nat,7
4954,77,firewall,6
4954,77,ids,7
4954,78,nat,7
4954,78,firewall,6
4954,78,ids,2
4954,79,nat,8
4954,79,firewall,8
4954,79,wano,6
4954,79,ids,1
4954,80,nat,1
4954,80,proxy,3
4954,81,nat,7
4954,81,firewall,6
4954,81,ids,1
4954,82,nat,8
4954,82,firewall,8
4954,82,ids,7
4954,83,nat,8
4954,83,proxy,3
4954,84,nat,7
4954,84,firewall,8
4954,84,ids,1
4954,85,nat,7
4954,85,wano,6
4954,86,nat,1
4954,86,proxy,3
4954,87,nat,8
4954,87,firewall,8
4954,87,ids,7
4954,88,nat,7
4954,88,firewall,6
4954,88,ids,7
4954,89,nat,7
4954,89,proxy,3
4954,90,nat,1
4954,90,firewall,6
4954,90,ids,2
4954,91,nat,7
4954,91,firewall,6
4954,91,ids,1
4954,92,nat,1
4954,92,wano,6
4954,93,nat,1
4954,93,firewall,8
4954,93,ids,2
4954,94,nat,1
4954,94,proxy,3
4959,71,nat,1
4959,71,firewall,1
4959,71,wano,6
4959,71,ids,1
4959,75,nat,5
4959,75,firewall,8
4959,75,ids,7
4959,76,nat,1
4959,76,firewall,1
4959,76,ids,7
4959,77,nat,1
4959,77,firewall,1
4959,77,ids,4
4959,78,nat,1
4959,78,firewall,1
4959,78,ids,7
4959,79,nat,1
4959,79,firewall,1
4959,79,wano,6
4959,79,ids,7
4959,80,nat,1
4959,80,proxy,7
4959,81,nat,1
4959,81,firewall,8
4959,81,ids,1
4959,82,nat,1
4959,82,firewall,8
4959,82,ids,4
4959,83,nat,1
4959,83,proxy,7
4959,84,nat,5
4959,84,firewall,8
4959,84,ids,4
4959,85,nat,5
4959,85,wano,6
4959,86,nat,5
4959,86,proxy,7
4959,87,nat,1
4959,87,firewall,8
4959,87,ids,7
4959,88,nat,1
4959,88,firewall,1
4959,88,ids,1
4959,89,nat,5
4959,89,proxy,7
4959,90,nat,1
4959,90,firewall,1
4959,90,ids,1
4959,91,nat,1
4959,91,firewall,8
4959,91,ids,4
4959,92,nat,1
4959,92,wano,6
4959,93,nat,1
4959,93,firewall,1
4959,93,ids,4
4959,94,nat,5
4959,94,proxy,7
4959,95,nat,1
4959,95,firewall,1
4959,95,ids,7
5009,71,nat,2
5009,71,firewall,7
5009,71,wano,7
5009,71,ids,2
5009,75,nat,3
5009,75,firewall,5
5009,75,ids,2
5009,77,nat,1
5009,77,firewall,7
5009,77,ids,2
5009,78,nat,3
5009,78,firewall,5
5009,78,ids,6
5009,79,nat,1
5009,79,firewall,7
5009,79,wano,7
5009,79,ids,6
5009,80,nat,3
5009,80,proxy,3
5009,81,nat,1
5009,81,firewall,5
5009,81,ids,2
5009,82,nat,2
5009,82,firewall,7
5009,82,ids,6
5009,83,nat,2
5009,83,proxy,3
5009,84,nat,3
5009,84,firewall,5
5009,84,ids,6
5009,85,nat,1
5009,85,wano,7
5009,86,nat,2
5009,86,proxy,3
5009,87,nat,3
5009,87,firewall,7
5009,87,ids,5
5009,88,nat,1
5009,88,firewall,7
5009,88,ids,2
5009,89,nat,3
5009,89,proxy,3
5009,90,nat,1
5009,90,firewall,7
5009,90,ids,5
5009,91,nat,1
5009,91,firewall,5
5009,91,ids,6
5009,92,nat,1
5009,92,wano,7
5009,93,nat,3
5009,93,firewall,5
5009,93,ids,6
5009,94,nat,1
5009,94,proxy,3
5009,95,nat,3
5009,95,firewall,5
5009,95,ids,5
5009,96,nat,2
5009,96,firewall,7
5009,96,ids,5
5058,75,nat,1
5058,75,firewall,4
5058,75,ids,1
5058,77,nat,5
5058,77,firewall,1
5058,77,ids,1
5058,78,nat,1
5058,78,firewall,4
5058,78,ids,8
5058,79,nat,6
5058,79,firewall,4
5058,79,wano,2
5058,79,ids,1
5058,80,nat,1
5058,80,proxy,1
5058,81,nat,1
5058,81,firewall,4
5058,81,ids,4
5058,82,nat,1
5058,82,firewall,1
5058,82,ids,8
5058,83,nat,1
5058,83,proxy,1
5058,84,nat,6
5058,84,firewall,4
5058,84,ids,4
5058,85,nat,6
5058,85,wano,2
5058,86,nat,6
5058,86,proxy,1
5058,87,nat,5
5058,87,firewall,4
5058,87,ids,1
5058,88,nat,6
5058,88,firewall,4
5058,88,ids,8
5058,89,nat,6
5058,89,proxy,1
5058,90,nat,6
5058,90,firewall,4
5058,90,ids,8
5058,91,nat,5
5058,91,firewall,1
5058,91,ids,1
5058,92,nat,5
5058,92,wano,2
5058,93,nat,5
5058,93,firewall,1
5058,93,ids,8
5058,94,nat,1
5058,94,proxy,1
5058,95,nat,5
5058,95,firewall,1
5058,95,ids,4
5058,96,nat,5
5058,96,firewall,1
5058,96,ids,8
5058,97,nat,1
5058,97,firewall,1
5058,97,ids,1
5098,77,nat,4
5098,77,firewall,8
5098,77,ids,1
5098,78,nat,1
5098,78,firewall,8
5098,78,ids,8
5098,79,nat,1
5098,79,firewall,8
5098,79,wano,3
5098,79,ids,1
5098,80,nat,1
5098,80,proxy,4
5098,81,nat,4
5098,81,firewall,1
5098,81,ids,8
5098,82,nat,1
5098,82,firewall,8
5098,82,ids,8
5098,83,nat,4
5098,83,proxy,4
5098,84,nat,4
5098,84,firewall,1
5098,84,ids,8
5098,85,nat,1
5098,85,wano,3
5098,86,nat,4
5098,86,proxy,4
5098,87,nat,4
5098,87,firewall,1
5098,87,ids,1
5098,88,nat,4
5098,88,firewall,1
5098,88,ids,8
5098,89,nat,1
5098,89,proxy,4
5098,90,nat,1
5098,90,firewall,1
5098,90,ids,1
5098,91,nat,4
5098,91,firewall,8
5098,91,ids,1
5098,92,nat,4
5098,92,wano,3
5098,93,nat,1
5098,93,firewall,8
5098,93,ids,8
5098,94,nat,4
5098,94,proxy,4
5098,95,nat,4
5098,95,firewall,8
5098,95,ids,1
5098,96,nat,4
5098,96,firewall,8
5098,96,ids,1
5098,97,nat,4
5098,97,firewall,1
5098,97,ids,1
5098,98,nat,4
5098,98,wano,3
5110,77,nat,8
5110,77,firewall,8
5110,77,ids,8
5110,78,nat,3
5110,78,firewall,4
5110,78,ids,3
5110,79,nat,8
5110,79,firewall,8
5110,79,wano,2
5110,79,ids,8
5110,80,nat,8
5110,80,proxy,8
5110,81,nat,8
5110,81,firewall,8
5110,81,ids,5
5110,82,nat,3
5110,82,firewall,8
5110,82,ids,8
5110,83,nat,8
5110,83,proxy,8
5110,84,nat,3
5110,84,firewall,4
5110,84,ids,5
5110,85,nat,8
5110,85,wano,2
5110,86,nat,8
5110,86,proxy,8
5110,87,nat,3
5110,87,firewall,4
5110,87,ids,5
5110,88,nat,8
5110,88,firewall,4
5110,88,ids,5
5110,89,nat,8
5110,89,proxy,8
5110,90,nat,3
5110,90,firewall,4
5110,90,ids,3
5110,91,nat,3
5110,91,firewall,8
5110,91,ids,3
5110,92,nat,3
5110,92,wano,2
5110,93,nat,3
5110,93,firewall,8
5110,93,ids,3
5110,94,nat,3
5110,94,proxy,8
5110,95,nat,3
5110,95,firewall,4
5110,95,ids,5
5110,96,nat,3
5110,96,firewall,8
5110,96,ids,8
5110,97,nat,3
5110,97,firewall,4
5110,97,ids,5
5110,98,nat,3
5110,98,wano,2
5110,99,nat,3
5110,99,firewall,4
5110,99,ids,8
