0,1,2,3,4,5,6,7,8,9,10,11
208,979,2,10,95287,636,1e-07,nat,firewall,ids,nan,1
296,892,3,8,105477,643,1e-07,nat,wano,nan,nan,3
300,937,4,10,119494,643,1e-07,nat,firewall,wano,ids,4
360,1024,1,9,112922,621,1e-07,nat,firewall,ids,nan,1
450,832,4,9,86183,618,1e-07,nat,proxy,nan,nan,2
501,1106,1,8,109498,616,1e-07,nat,firewall,ids,nan,1
550,951,4,10,73437,634,1e-07,nat,firewall,ids,nan,1
603,1196,1,3,90004,608,1e-07,nat,firewall,ids,nan,1
654,895,2,8,101850,621,1e-07,nat,firewall,ids,nan,1
704,1082,0,6,92445,640,1e-07,nat,firewall,ids,nan,1
750,1054,1,6,80992,648,1e-07,nat,proxy,nan,nan,2
807,1102,4,10,82350,613,1e-07,nat,firewall,ids,nan,1
898,1015,0,2,108689,642,1e-07,nat,wano,nan,nan,3
901,1021,7,10,71441,634,1e-07,nat,firewall,wano,ids,4
903,935,1,4,73253,603,1e-07,nat,firewall,ids,nan,1
1008,908,4,9,110268,624,1e-07,nat,firewall,ids,nan,1
1061,1006,7,11,88927,616,1e-07,nat,firewall,ids,nan,1
1159,1000,6,10,104137,606,1e-07,nat,firewall,ids,nan,1
1195,1060,1,6,105049,638,1e-07,nat,wano,nan,nan,3
1204,1082,0,10,113927,647,1e-07,nat,proxy,nan,nan,2
1210,989,2,3,114409,648,1e-07,nat,firewall,ids,nan,1
1356,1009,3,8,73190,633,1e-07,nat,firewall,ids,nan,1
1404,1025,3,10,103343,610,1e-07,nat,firewall,ids,nan,1
1452,1114,1,9,116841,617,1e-07,nat,firewall,ids,nan,1
1500,995,0,8,101680,625,1e-07,nat,firewall,wano,ids,4
1502,1262,6,10,91104,642,1e-07,nat,firewall,ids,nan,1
1505,1095,3,4,105797,646,1e-07,nat,proxy,nan,nan,2
1602,971,4,9,78876,639,1e-07,nat,firewall,ids,nan,1
1653,898,3,7,83486,644,1e-07,nat,firewall,ids,nan,1
1796,1043,2,9,110131,633,1e-07,nat,wano,nan,nan,3
1799,903,3,6,87977,610,1e-07,nat,firewall,wano,ids,4
1805,1083,1,11,76445,603,1e-07,nat,proxy,nan,nan,2
1852,1056,1,7,113071,601,1e-07,nat,firewall,ids,nan,1
1901,907,3,11,103632,648,1e-07,nat,firewall,ids,nan,1
1955,1091,6,7,92935,639,1e-07,nat,proxy,nan,nan,2
2004,897,3,10,81665,639,1e-07,nat,firewall,ids,nan,1
2098,962,2,3,79078,620,1e-07,nat,wano,nan,nan,3
2105,1024,3,6,80825,610,1e-07,nat,firewall,ids,nan,1
2105,718,2,11,90639,614,1e-07,nat,proxy,nan,nan,2
2255,924,6,11,88100,640,1e-07,nat,firewall,ids,nan,1
2357,975,2,4,99610,646,1e-07,nat,firewall,ids,nan,1
2400,906,3,11,103953,648,1e-07,nat,firewall,wano,ids,4
2401,1168,4,7,78523,628,1e-07,nat,wano,nan,nan,3
2404,1040,6,9,90902,600,1e-07,nat,proxy,nan,nan,2
2461,777,7,10,104300,614,1e-07,nat,firewall,ids,nan,1
2512,1051,8,10,104889,638,1e-07,nat,firewall,ids,nan,1
2557,925,6,8,91824,617,1e-07,nat,proxy,nan,nan,2
2700,1067,9,11,107514,644,1e-07,nat,firewall,wano,ids,4
2700,1049,4,9,89393,602,1e-07,nat,wano,nan,nan,3
2709,1031,0,1,108515,620,1e-07,nat,proxy,nan,nan,2
2712,853,2,10,117995,611,1e-07,nat,firewall,ids,nan,1
2860,807,6,8,79095,649,1e-07,nat,proxy,nan,nan,2
2860,1103,7,11,111174,641,1e-07,nat,firewall,ids,nan,1
3001,907,10,11,96567,639,1e-07,nat,firewall,wano,ids,4
3013,787,1,8,107516,638,1e-07,nat,firewall,ids,nan,1
3063,1088,2,4,115740,623,1e-07,nat,firewall,ids,nan,1
3162,1120,4,8,104342,649,1e-07,nat,proxy,nan,nan,2
3300,980,2,9,89625,628,1e-07,nat,firewall,wano,ids,4
3304,931,0,1,112513,622,1e-07,nat,wano,nan,nan,3
3308,1093,4,7,114684,627,1e-07,nat,firewall,ids,nan,1
3313,902,8,11,80466,601,1e-07,nat,proxy,nan,nan,2
3408,1072,2,3,93068,630,1e-07,nat,firewall,ids,nan,1
3460,990,9,11,77824,634,1e-07,nat,firewall,ids,nan,1
3462,1058,3,7,110144,619,1e-07,nat,proxy,nan,nan,2
3599,1017,1,11,73021,605,1e-07,nat,firewall,wano,ids,4
3609,1221,1,2,115426,645,1e-07,nat,firewall,ids,nan,1
3657,1188,0,3,72186,636,1e-07,nat,firewall,ids,nan,1
3704,1209,8,11,91370,601,1e-07,nat,firewall,ids,nan,1
3803,923,3,4,112139,602,1e-07,nat,firewall,ids,nan,1
3853,1099,2,6,82702,641,1e-07,nat,firewall,ids,nan,1
3899,1135,1,3,81015,629,1e-07,nat,firewall,wano,ids,4
3902,745,0,9,105983,608,1e-07,nat,firewall,ids,nan,1
3910,793,1,8,104046,627,1e-07,nat,proxy,nan,nan,2
3953,768,2,6,70240,600,1e-07,nat,firewall,ids,nan,1
4002,1088,9,10,72743,642,1e-07,nat,firewall,ids,nan,1
4052,920,1,10,110229,635,1e-07,nat,firewall,ids,nan,1
4105,1218,1,3,98797,638,1e-07,nat,firewall,ids,nan,1
4201,958,0,6,98640,635,1e-07,nat,firewall,ids,nan,1
4203,1146,4,10,87207,602,1e-07,nat,firewall,wano,ids,4
4210,919,4,10,109992,632,1e-07,nat,proxy,nan,nan,2
4250,1279,4,6,92075,637,1e-07,nat,firewall,ids,nan,1
4304,813,1,8,99746,639,1e-07,nat,firewall,ids,nan,1
4363,988,1,7,107638,643,1e-07,nat,proxy,nan,nan,2
4405,1154,0,8,106427,603,1e-07,nat,firewall,ids,nan,1
4499,1015,2,3,96195,600,1e-07,nat,wano,nan,nan,3
4512,1163,0,3,96880,638,1e-07,nat,proxy,nan,nan,2
4560,1137,0,10,94959,606,1e-07,nat,firewall,ids,nan,1
4611,780,1,7,93930,614,1e-07,nat,firewall,ids,nan,1
4660,1075,0,8,107739,600,1e-07,nat,proxy,nan,nan,2
4662,933,2,6,116793,601,1e-07,nat,firewall,ids,nan,1
4759,1259,10,11,115274,628,1e-07,nat,firewall,ids,nan,1
4799,944,1,10,111653,608,1e-07,nat,wano,nan,nan,3
4807,1121,0,6,77884,616,1e-07,nat,firewall,ids,nan,1
4954,1015,8,11,77551,635,1e-07,nat,proxy,nan,nan,2
4959,972,0,9,97629,612,1e-07,nat,firewall,ids,nan,1
5009,913,2,10,112116,638,1e-07,nat,firewall,ids,nan,1
5058,1170,1,9,112875,626,1e-07,nat,firewall,ids,nan,1
5098,1007,1,7,76116,640,1e-07,nat,wano,nan,nan,3
5110,1152,1,9,104090,630,1e-07,nat,firewall,ids,nan,1
